year,standing,team,points,driver,wins
1950,1,"Alfa Romeo",30,"Nino Farina",3
1950,2,"Alfa Romeo",27,"Juan Manuel Fangio",3
1950,3,"Alfa Romeo",24,"Luigi Fagioli",0
1950,4,Talbot-Lago,13,"Louis  Rosier",0
1950,5,Ferrari,11,"Alberto Ascari",0
1950,6,"Kurtis Kraft",9,"Johnnie  Parsons",1
1950,7,Deidt,6,"Bill Holland",0
1950,8,Maserati,5,"Prince Bira",0
1950,9,Maserati,4,"Reg  Parnell",0
1950,9,Maserati,4,"Louis  Chiron",0
1950,9,Deidt,4,"Mauri  Rose",0
1950,9,Ferrari,4,"Peter  Whitehead",0
1950,13,Talbot-Lago,3,"Yves Giraud Cabantous",0
1950,13,Talbot-Lago,3,"Raymond  Sommer",0
1950,13,"Kurtis Kraft",3,"Cecil  Green",0
1950,13,Simca-Gordini,3,"Robert  Manzon",0
1950,13,NULL,3,"Dorino  Serafini",0
1950,13,NULL,3,"Philippe  Etancelin",0
1950,19,Maserati,2,"Felice  Bonetto",0
1950,20,Deidt,1,"Tony  Bettenhausen",0
1950,20,"Kurtis Kraft",1,"Joie  Chitwood",0
1950,20,NULL,1,"Eugene  Chaboud",0
1951,1,"Alfa Romeo",31,"Juan Manuel Fangio",3
1951,2,Ferrari,25,"Alberto Ascari",2
1951,3,Ferrari,24,"Jose Froilan Gonzalez",1
1951,4,"Alfa Romeo",19,"Nino Farina",1
1951,5,Ferrari,15,"Luigi  Villoresi",0
1951,6,Ferrari,10,"Piero  Taruffi",0
1951,7,"Kurtis Kraft",9,"Lee Wallard",1
1951,8,"Alfa Romeo",7,"Felice  Bonetto",0
1951,9,"Kurtis Kraft",6,"Mike Nazaruk",0
1951,10,BRM,5,"Reg  Parnell",0
1951,11,"Alfa Romeo",4,"Luigi Fagioli",1
1951,12,"Alfa Romeo",3,"Consalvo  Sanesi",0
1951,12,Sherman,3,"Andy Linden",0
1951,12,NULL,3,"Louis  Rosier",0
1951,15,"Alfa Romeo",2,"Toulo de Graffenried",0
1951,15,"Kurtis Kraft",2,"Manny Ayulo",0
1951,15,Schroeder,2,"Bobby Ball",0
1951,15,"Kurtis Kraft",2,"Jack McGrath",0
1951,15,Talbot-Lago,2,"Yves Giraud Cabantous",0
1952,1,Ferrari,36,"Alberto Ascari",6
1952,2,Ferrari,24,"Nino Farina",0
1952,3,Ferrari,22,"Piero  Taruffi",1
1952,4,Ferrari,10,"Rudi  Fischer ",0
1952,4,Cooper,10,"Mike Hawthorn",0
1952,6,Gordini,9,"Robert  Manzon",0
1952,7,Kuzma,8,"Troy Ruttman",1
1952,7,Ferrari,8,"Luigi  Villoresi",0
1952,9,Maserati,7,"Jose Froilan Gonzalez",0
1952,10,"Kurtis Kraft",6,"Jim Rathmann",0
1952,10,Gordini,6,"Jean Behra",0
1952,12,"Kurtis Kraft",4,"Sam Hanks",0
1952,13,NULL,3,"Ken  Wharton",0
1952,13,Lesovsky,3,"Duane Carter",0
1952,13,Connaught,3,"Dennis Poore",0
1952,16,Cooper,2,"Alan Brown",0
1952,16,"Kurtis Kraft",2,"Art Cross",0
1952,16,Simca-Gordini,2,"Paul Frere",0
1952,16,Gordini,2,"Maurice  Trintignant",0
1952,16,Connaught,2,"Eric Thompson",0
1952,16,Maserati,2,"Felice  Bonetto",0
1952,22,"Kurtis Kraft",1,"Bill  Vukovich ",0
1953,1,Ferrari,35,"Alberto Ascari",5
1953,2,Maserati,28,"Juan Manuel Fangio",1
1953,3,Ferrari,26,"Nino Farina",1
1953,4,Ferrari,19,"Mike Hawthorn",1
1953,5,Ferrari,17,"Luigi  Villoresi",0
1953,6,Maserati,14,"Jose Froilan Gonzalez",0
1953,7,"Kurtis Kraft",9,"Bill  Vukovich ",1
1953,8,Maserati,7,"Toulo de Graffenried",0
1953,9,Maserati,7,"Felice  Bonetto",0
1953,10,"Kurtis Kraft",6,"Art Cross",0
1953,11,Maserati,4,"Onofre Marimon",0
1953,11,Gordini,4,"Maurice  Trintignant",0
1953,13,Maserati,2,"Oscar Alfredo Galvez",0
1953,13,"Kurtis Kraft",2,"Sam Hanks",0
1953,13,"Kurtis Kraft",2,"Duane Carter",0
1953,13,"Kurtis Kraft",2,"Jack McGrath",0
1953,13,Maserati,2,"Hermann Lang",0
1953,18,"Kurtis Kraft",2,"Fred Agabashian",0
1953,18,"Kurtis Kraft",2,"Paul Russo",0
1954,1,Mercedes,42,"Juan Manuel Fangio",6
1954,2,Ferrari,25,"Jose Froilan Gonzalez",1
1954,3,Ferrari,25,"Mike Hawthorn",1
1954,4,Ferrari,17,"Maurice  Trintignant",0
1954,5,Mercedes,12,"Karl Kling",0
1954,6,"Kurtis Kraft",8,"Bill  Vukovich ",1
1954,6,Mercedes,8,"Hans  Herrmann",0
1954,8,Ferrari,6,"Nino Farina",0
1954,8,Kuzma,6,"Jimmy Bryan",0
1954,8,Maserati,6,"Luigi Musso",0
1954,8,Maserati,6,"Roberto Mieres",0
1954,12,"Kurtis Kraft",5,"Jack McGrath",0
1954,13,Maserati,4,"Stirling Moss",0
1954,13,Maserati,4,"Onofre Marimon",0
1954,15,Ferrari,4,"Robert  Manzon",0
1954,15,Maserati,4,"Sergio Mantovani",0
1954,17,Maserati,3,"Prince Bira",0
1954,18,Gordini,2,"Elie Bayol",0
1954,18,"Kurtis Kraft",2,"Mike Nazaruk",0
1954,18,Gordini,2,"Andre Pilette",0
1954,18,Lancia,2,"Luigi  Villoresi",0
1954,18,Ferrari,2,"Umberto  Maglioli",0
1954,23,"Kurtis Kraft",2,"Troy Ruttman",0
1954,23,"Kurtis Kraft",2,"Duane Carter",0
1954,25,Lancia,1,"Alberto Ascari",0
1954,26,Gordini,0,"Jean Behra",0
1955,1,Mercedes,40,"Juan Manuel Fangio",4
1955,2,Mercedes,23,"Stirling Moss",1
1955,3,Ferrari,12,"Eugenio Castellotti",0
1955,4,Ferrari,11,"Maurice  Trintignant",1
1955,5,Ferrari,10,"Nino Farina",0
1955,6,Mercedes,9,"Piero  Taruffi",0
1955,7,"Kurtis Kraft",8,"Bob Sweikert",1
1955,8,Maserati,7,"Roberto Mieres",0
1955,9,Maserati,6,"Luigi Musso",0
1955,9,Maserati,6,"Jean Behra",0
1955,11,Mercedes,5,"Karl Kling",0
1955,12,"Kurtis Kraft",4,"Jimmy Davies",0
1955,13,"Kurtis Kraft",3,"Paul Russo",0
1955,13,"Kurtis Kraft",3,"Tony  Bettenhausen",0
1955,13,Kuzma,3,"Johnny Thomson",0
1955,13,Ferrari,3,"Paul Frere",0
1955,17,Ferrari,2,"Jose Froilan Gonzalez",0
1955,17,Maserati,2,"Cesare Perdisa",0
1955,17,Lancia,2,"Luigi  Villoresi",0
1955,17,Maserati,2,"Carlos Menditeguy",0
1955,21,Ferrari,1,"Umberto  Maglioli",0
1955,22,Mercedes,1,"Hans  Herrmann",0
1955,22,"Kurtis Kraft",1,"Walt  Faulkner",0
1955,22,"Kurtis Kraft",1,"Bill Homeier",0
1955,22,"Kurtis Kraft",1,"Bill  Vukovich ",0
1956,1,Ferrari,30,"Juan Manuel Fangio",3
1956,2,Maserati,27,"Stirling Moss",2
1956,3,Ferrari,25,"Peter Collins",2
1956,4,Maserati,22,"Jean Behra",0
1956,5,Watson,8,"Pat Flaherty",1
1956,6,Ferrari,8,"Eugenio Castellotti",0
1956,7,"Kurtis Kraft",6,"Sam Hanks",0
1956,7,Ferrari,6,"Paul Frere",0
1956,7,Maserati,6,"Paco  Godia",0
1956,10,Connaught,5,"Jack  Fairman",0
1956,11,BRM,4,"Mike Hawthorn",0
1956,11,Ferrari,4,"Luigi Musso",1
1956,11,Phillips,4,"Don  Freeland",0
1956,11,Connaught,4,"Ron Flockhart",0
1956,15,Kuzma,3,"Johnnie  Parsons",0
1956,15,Vanwall,3,"Harry Schell",0
1956,15,Ferrari,3,"Alfonso de Portago ",0
1956,15,Maserati,3,"Cesare Perdisa",0
1956,19,Ferrari,2,"Olivier  Gendebien",0
1956,19,Gordini,2,"Hermano da Silva Ramos",0
1956,19,"Kurtis Kraft",2,"Dick Rathmann",0
1956,19,Maserati,2,"Luigi  Villoresi",0
1956,19,Maserati,2,"Horace  Gould ",0
1956,19,Maserati,2,"Louis  Rosier",0
1956,25,Maserati,2,"Gerino  Gerini ",0
1956,25,Maserati,2,"Chico Landi",0
1956,27,"Kurtis Kraft",1,"Paul Russo",0
1957,1,Maserati,40,"Juan Manuel Fangio",4
1957,2,Vanwall,25,"Stirling Moss",3
1957,3,Ferrari,16,"Luigi Musso",0
1957,4,Ferrari,13,"Mike Hawthorn",0
1957,5,Vanwall,11,"Tony Brooks",1
1957,6,Maserati,10,"Masten Gregory",0
1957,6,Maserati,10,"Harry Schell",0
1957,8,Epperly,8,"Sam Hanks",1
1957,8,Ferrari,8,"Peter Collins",0
1957,10,Epperly,7,"Jim Rathmann",0
1957,11,Maserati,6,"Jean Behra",0
1957,12,Vanwall,5,"Stuart  Lewis-Evans ",0
1957,12,Ferrari,5,"Maurice  Trintignant",0
1957,14,Maserati,4,"Carlos Menditeguy",0
1957,14,Kuzma,4,"Jimmy Bryan",0
1957,14,Ferrari,4,"Wolfgang von Trips",0
1957,17,"Kurtis Kraft",3,"Paul Russo",0
1957,18,"Kurtis Kraft",2,"Andy Linden",0
1957,18,Cooper,2,"Roy Salvadori",0
1957,20,Ferrari,1,"Alfonso de Portago ",0
1957,20,Ferrari,1,"Jose Froilan Gonzalez",0
1957,20,Maserati,1,"Giorgio  Scarlatti ",0
1958,1,Ferrari,42,"Mike Hawthorn",1
1958,2,Vanwall,41,"Stirling Moss",4
1958,3,Vanwall,24,"Tony Brooks",3
1958,4,Cooper,15,"Roy Salvadori",0
1958,5,Ferrari,14,"Peter Collins",1
1958,5,BRM,14,"Harry Schell",0
1958,7,Cooper,12,"Maurice  Trintignant",1
1958,7,Ferrari,12,"Luigi Musso",0
1958,9,Vanwall,11,"Stuart  Lewis-Evans ",0
1958,10,Ferrari,9,"Phil Hill",0
1958,10,BRM,9,"Jean Behra",0
1958,10,Ferrari,9,"Wolfgang von Trips",0
1958,13,Epperly,8,"Jimmy Bryan",1
1958,14,Maserati,7,"Juan Manuel Fangio",0
1958,15,Epperly,6,"George  Amick",0
1958,16,Epperly,4,"Tony  Bettenhausen",0
1958,16,"Kurtis Kraft",4,"Johnny  Boyd",0
1958,18,Cooper,3,"Jack Brabham",0
1958,18,Lotus,3,"Cliff Allison",0
1958,18,BRM,3,"Jo Bonnier",0
1958,21,Epperly,2,"Jim Rathmann",0
1959,1,Cooper,31,"Jack Brabham",2
1959,2,Ferrari,27,"Tony Brooks",2
1959,3,Cooper,26,"Stirling Moss",2
1959,4,Ferrari,20,"Phil Hill",0
1959,5,Cooper,19,"Maurice  Trintignant",0
1959,6,Cooper,17,"Bruce McLaren",1
1959,7,Ferrari,13,"Dan Gurney",0
1959,8,BRM,10,"Jo Bonnier",1
1959,8,Cooper,10,"Masten Gregory",0
1959,10,"Kurtis Kraft",8,"Rodger Ward",1
1959,11,Watson,6,"Jim Rathmann",0
1959,12,Lesovsky,5,"Johnny Thomson",0
1959,12,Lotus,5,"Innes Ireland",0
1959,12,Cooper,5,"Harry Schell",0
1959,15,Epperly,3,"Tony  Bettenhausen",0
1959,15,Ferrari,3,"Olivier  Gendebien",0
1959,17,Epperly,2,"Paul Goldsmith",0
1959,17,Ferrari,2,"Jean Behra",0
1959,17,Ferrari,2,"Cliff Allison",0
1960,1,Cooper,43,"Jack Brabham",5
1960,2,Cooper,34,"Bruce McLaren",1
1960,3,Lotus,19,"Stirling Moss",2
1960,4,Lotus,18,"Innes Ireland",0
1960,5,Cooper,16,"Phil Hill",1
1960,6,Cooper,10,"Olivier  Gendebien",0
1960,6,Cooper,10,"Wolfgang von Trips",0
1960,8,Watson,8,"Jim Rathmann",1
1960,8,Ferrari,8,"Richie Ginther",0
1960,8,Lotus,8,"Jim Clark",0
1960,11,Cooper,7,"Tony Brooks",0
1960,12,Ferrari,6,"Cliff Allison",0
1960,12,Watson,6,"Rodger Ward",0
1960,12,Lotus,6,"John Surtees",0
1960,15,Epperly,4,"Paul Goldsmith",0
1960,15,BRM,4,"Graham Hill",0
1960,15,Ferrari,4,"Willy Mairesse",0
1960,15,BRM,4,"Jo Bonnier",0
1960,19,Cooper,3,"Carlos Menditeguy",0
1960,19,Phillips,3,"Don  Branson",0
1960,19,Cooper,3,"Henry Taylor",0
1960,19,Cooper,3,"Giulio Cabianca",0
1960,23,Lesovsky,2,"Johnny Thomson",0
1960,24,Trevis,1,"Eddie Johnson",0
1960,24,Cooper,1,"Lucien Bianchi",0
1960,24,Cooper,1,"Ron Flockhart",0
1960,24,Porsche,1,"Hans  Herrmann",0
1961,1,Ferrari,34,"Phil Hill",2
1961,2,Ferrari,33,"Wolfgang von Trips",2
1961,3,Lotus,21,"Stirling Moss",2
1961,3,Porsche,21,"Dan Gurney",0
1961,5,Ferrari,16,"Richie Ginther",0
1961,6,Lotus,12,"Innes Ireland",1
1961,7,Lotus,11,"Jim Clark",0
1961,7,Cooper,11,"Bruce McLaren",0
1961,9,Ferrari,9,"Giancarlo Baghetti",1
1961,10,BRM,6,"Tony Brooks",0
1961,11,Cooper,4,"Jack Brabham",0
1961,11,Cooper,4,"John Surtees",0
1961,13,Lotus,3,"Olivier  Gendebien",0
1961,13,Cooper,3,"Jackie  Lewis ",0
1961,13,Porsche,3,"Jo Bonnier",0
1961,13,BRM,3,"Graham Hill",0
1961,17,Cooper,2,"Roy Salvadori",0
1962,1,BRM,42,"Graham Hill",4
1962,2,Lotus,30,"Jim Clark",3
1962,3,Cooper,27,"Bruce McLaren",1
1962,4,Lola,19,"John Surtees",0
1962,5,Porsche,15,"Dan Gurney",1
1962,6,Ferrari,14,"Phil Hill",0
1962,7,Cooper,13,"Tony Maggs",0
1962,8,BRM,10,"Richie Ginther",0
1962,9,Brabham,9,"Jack Brabham",0
1962,10,Lotus,6,"Trevor  Taylor ",0
1962,11,Ferrari,5,"Giancarlo Baghetti",0
1962,12,Ferrari,4,"Lorenzo Bandini",0
1962,12,Ferrari,4,"Ricardo  Rodriguez ",0
1962,14,Ferrari,3,"Willy Mairesse",0
1962,14,Porsche,3,"Jo Bonnier",0
1962,16,Lotus,2,"Innes Ireland",0
1962,16,Porsche,2,"Carel Godin de Beaufort ",0
1962,18,Lotus,1,"Masten Gregory",0
1962,18,Lotus,1,"Neville Lederle",0
1963,1,Lotus,54,"Jim Clark",7
1963,2,BRM,29,"Graham Hill",2
1963,2,BRM,29,"Richie Ginther",0
1963,4,Ferrari,22,"John Surtees",1
1963,5,Brabham,19,"Dan Gurney",0
1963,6,Cooper,17,"Bruce McLaren",0
1963,7,Brabham,14,"Jack Brabham",0
1963,8,Cooper,9,"Tony Maggs",0
1963,9,BRP,6,"Innes Ireland",0
1963,9,Ferrari,6,"Lorenzo Bandini",0
1963,9,Cooper,6,"Jo Bonnier",0
1963,12,Porsche,3,"Gerhard Mitter",0
1963,12,Lotus,3,"Jim  Hall ",0
1963,14,Porsche,2,"Carel Godin de Beaufort ",0
1963,15,Lotus,1,"Trevor  Taylor ",0
1963,15,Ferrari,1,"Ludovico Scarfiotti",0
1963,15,Lotus,1,"Jo Siffert",0
1963,18,Ferrari,0,"Willy Mairesse",0
1963,18,BRM,0,"Maurice  Trintignant",0
1963,18,Scirocco,0,"Tony  Settember ",0
1963,18,Lola,0,"Lucien Bianchi",0
1963,18,ATS,0,"Phil Hill",0
1963,18,ATS,0,"Giancarlo Baghetti",0
1963,18,Lotus,0,"Chris Amon",0
1963,18,NULL,0,"Masten Gregory",0
1963,18,Lola,0,"Bob Anderson",0
1963,18,Gilby,0,"Ian Raby",0
1963,18,Lola,0,"John  Campbell-Jones ",0
1963,18,Scirocco,0,"Ian Burgess ",0
1963,18,NULL,0,"Mike Hailwood",0
1963,18,Cooper,0,"Mario  de Araujo Cabral ",0
1963,18,Lotus,0,"Bernard  Collomb ",0
1963,18,Lotus,0,"Mike Spence",0
1963,18,Stebro,0,"Peter Broeker ",0
1963,18,Lotus,0,"Rodger Ward",0
1963,18,Lotus,0,"Pedro Rodriguez",0
1963,18,Lotus,0,"Hap  Sharp ",0
1963,18,BRM,0,"Moises Solana",0
1963,18,"LDS Alfa",0,"Doug Serrurier",0
1963,18,Cooper,0,"Trevor Blokdyk",0
1963,18,Lotus,0,"Brausch Niemann",0
1963,18,Cooper,0,"John Love",0
1963,18,Lotus,0,"Ernie Pieterse",0
1963,18,"Alfa Romeo",0,"Peter de Klerk",0
1963,18,"LDS Alfa",0,"Sam Tingle",0
1963,18,Brabham,0,"David Prophet",0
1964,1,Ferrari,40,"John Surtees",2
1964,2,BRM,39,"Graham Hill",2
1964,3,Lotus,32,"Jim Clark",3
1964,4,Ferrari,23,"Lorenzo Bandini",1
1964,4,BRM,23,"Richie Ginther",0
1964,6,Brabham,19,"Dan Gurney",2
1964,7,Cooper,13,"Bruce McLaren",0
1964,8,Lotus,11,"Peter  Arundell ",0
1964,8,Brabham,11,"Jack Brabham",0
1964,10,Brabham,7,"Jo Siffert",0
1964,11,Brabham,5,"Bob Anderson",0
1964,12,BRM,4,"Tony Maggs",0
1964,12,Lotus,4,"Mike Spence",0
1964,12,BRP,4,"Innes Ireland",0
1964,15,Brabham,3,"Jo Bonnier",0
1964,16,Lotus,2,"Chris Amon",0
1964,16,BRM,2,"Maurice  Trintignant",0
1964,16,Lotus,2,"Walt   Hansgen",0
1964,19,Lotus,1,"Mike Hailwood",0
1964,19,Cooper,1,"Phil Hill",0
1964,19,BRP,1,"Trevor  Taylor ",0
1964,19,Ferrari,1,"Pedro Rodriguez",0
1965,1,Lotus,54,"Jim Clark",6
1965,2,BRM,40,"Graham Hill",2
1965,3,BRM,33,"Jackie Stewart",1
1965,4,Brabham,25,"Dan Gurney",0
1965,5,Ferrari,17,"John Surtees",0
1965,6,Ferrari,13,"Lorenzo Bandini",0
1965,7,Honda,11,"Richie Ginther",1
1965,8,Lotus,10,"Mike Spence",0
1965,8,Cooper,10,"Bruce McLaren",0
1965,10,Brabham,9,"Jack Brabham",0
1965,11,Brabham,5,"Denny Hulme",0
1965,11,Brabham,5,"Jo Siffert",0
1965,13,Cooper,4,"Jochen Rindt",0
1965,14,Ferrari,2,"Pedro Rodriguez",0
1965,14,Honda,2,"Ronnie Bucknum",0
1965,14,Lotus,2,"Richard Attwood",0
1966,1,Brabham,42,"Jack Brabham",4
1966,2,Cooper,28,"John Surtees",2
1966,3,Cooper,22,"Jochen Rindt",0
1966,4,Brabham,18,"Denny Hulme",0
1966,5,BRM,17,"Graham Hill",0
1966,6,Lotus,16,"Jim Clark",1
1966,7,BRM,14,"Jackie Stewart",1
1966,8,Ferrari,12,"Mike  Parkes ",0
1966,8,Ferrari,12,"Lorenzo Bandini",0
1966,10,Ferrari,9,"Ludovico Scarfiotti",1
1966,11,Honda,5,"Richie Ginther",0
1966,12,Eagle,4,"Dan Gurney",0
1966,12,Lotus,4,"Mike Spence",0
1966,14,Eagle,3,"Bob Bondurant",0
1966,14,Cooper,3,"Jo Siffert",0
1966,14,McLaren,3,"Bruce McLaren",0
1966,17,Brabham,1,"John  Taylor ",0
1966,17,Brabham,1,"Bob Anderson",0
1966,17,Lotus,1,"Peter  Arundell ",0
1966,17,Cooper,1,"Jo Bonnier",0
1967,1,Brabham,51,"Denny Hulme",2
1967,2,Brabham,46,"Jack Brabham",2
1967,3,Lotus,41,"Jim Clark",4
1967,4,Honda,20,"John Surtees",1
1967,4,Ferrari,20,"Chris Amon",0
1967,6,Cooper,15,"Pedro Rodriguez",1
1967,6,Lotus,15,"Graham Hill",0
1967,8,Eagle,13,"Dan Gurney",1
1967,9,BRM,10,"Jackie Stewart",0
1967,10,BRM,9,"Mike Spence",0
1967,11,Cooper,6,"John Love",0
1967,11,Cooper,6,"Jochen Rindt",0
1967,11,Cooper,6,"Jo Siffert",0
1967,14,McLaren,3,"Bruce McLaren",0
1967,14,Cooper,3,"Jo Bonnier",0
1967,16,Brabham,2,"Bob Anderson",0
1967,16,Ferrari,2,"Mike  Parkes ",0
1967,16,BRM,2,"Chris   Irwin",0
1967,19,Eagle,1,"Ludovico Scarfiotti",0
1967,19,Brabham,1,"Guy  Ligier ",0
1967,19,Cooper,1,"Jacky Ickx",0
1968,1,Lotus,48,"Graham Hill",3
1968,2,Matra,36,"Jackie Stewart",3
1968,3,McLaren,33,"Denny Hulme",2
1968,4,Ferrari,27,"Jacky Ickx",1
1968,5,McLaren,22,"Bruce McLaren",1
1968,6,BRM,18,"Pedro Rodriguez",0
1968,7,Lotus,12,"Jo Siffert",1
1968,7,Honda,12,"John Surtees",0
1968,9,Matra,11,"Jean-Pierre Beltoise",0
1968,10,Ferrari,10,"Chris Amon",0
1968,11,Lotus,9,"Jim Clark",1
1968,12,Brabham,8,"Jochen Rindt",0
1968,13,BRM,6,"Richard Attwood",0
1968,13,Matra,6,"Johnny  Servoz-Gavin ",0
1968,13,Lotus,6,"Jackie Oliver",0
1968,13,Cooper,6,"Ludovico Scarfiotti",0
1968,17,Cooper,5,"Lucien Bianchi",0
1968,17,Cooper,5,"Vic  Elford ",0
1968,19,Cooper,4,"Brian   Redman",0
1968,19,BRM,4,"Piers   Courage",0
1968,21,McLaren,3,"Dan Gurney",0
1968,21,Honda,3,"Jo Bonnier",0
1968,23,Brabham,2,"Silvio  Moser ",0
1968,23,Brabham,2,"Jack Brabham",0
1969,1,Matra,63,"Jackie Stewart",6
1969,2,Brabham,37,"Jacky Ickx",2
1969,3,McLaren,26,"Bruce McLaren",0
1969,4,Lotus,22,"Jochen Rindt",1
1969,5,Matra,21,"Jean-Pierre Beltoise",0
1969,6,McLaren,20,"Denny Hulme",1
1969,7,Lotus,19,"Graham Hill",1
1969,8,Brabham,16,"Piers   Courage",0
1969,9,Lotus,15,"Jo Siffert",0
1969,10,Brabham,14,"Jack Brabham",0
1969,11,BRM,6,"John Surtees",0
1969,12,Ferrari,4,"Chris Amon",0
1969,13,NULL,3,"Richard Attwood",0
1969,13,McLaren,3,"Vic  Elford ",0
1969,13,Ferrari,3,"Pedro Rodriguez",0
1969,16,Matra,1,"Johnny  Servoz-Gavin ",0
1969,16,Brabham,1,"Silvio  Moser ",0
1969,16,BRM,1,"Jackie Oliver",0
1970,1,Lotus,45,"Jochen Rindt",5
1970,2,Ferrari,40,"Jacky Ickx",3
1970,3,Ferrari,33,"Clay Regazzoni",1
1970,4,McLaren,27,"Denny Hulme",0
1970,5,Brabham,25,"Jack Brabham",1
1970,5,Tyrrell,25,"Jackie Stewart",1
1970,7,BRM,23,"Pedro Rodriguez",1
1970,7,March,23,"Chris Amon",0
1970,9,Matra,16,"Jean-Pierre Beltoise",0
1970,10,Lotus,12,"Emerson Fittipaldi",1
1970,11,Brabham,10,"Rolf Stommelen",0
1970,12,Matra,8,"Henri Pescarolo",0
1970,13,Lotus,7,"Graham Hill",0
1970,14,McLaren,6,"Bruce McLaren",0
1970,15,March,4,"Mario Andretti",0
1970,15,Lotus,4,"Reine   Wisell",0
1970,17,Ferrari,3,"Ignazio  Giunti ",0
1970,17,Surtees,3,"John Surtees",0
1970,19,Lotus,2,"John   Miles",0
1970,19,March,2,"Johnny  Servoz-Gavin ",0
1970,19,BRM,2,"Jackie Oliver",0
1970,22,McLaren,1,"Dan Gurney",0
1970,22,March,1,"Francois  Cevert ",0
1970,22,McLaren,1,"Peter  Gethin ",0
1970,22,Surtees,1,"Derek Bell",0
1971,1,Tyrrell,62,"Jackie Stewart",6
1971,2,NULL,33,"Ronnie Peterson",0
1971,3,Tyrrell,26,"Francois  Cevert ",1
1971,4,Ferrari,19,"Jacky Ickx",1
1971,4,BRM,19,"Jo Siffert",1
1971,6,Lotus,16,"Emerson Fittipaldi",0
1971,7,Ferrari,13,"Clay Regazzoni",0
1971,8,Ferrari,12,"Mario Andretti",1
1971,9,BRM,9,"Peter  Gethin ",1
1971,9,BRM,9,"Pedro Rodriguez",0
1971,9,Matra,9,"Chris Amon",0
1971,9,Lotus,9,"Reine   Wisell",0
1971,9,McLaren,9,"Denny Hulme",0
1971,14,Brabham,5,"Tim   Schenken",0
1971,14,BRM,5,"Howden  Ganley ",0
1971,16,NULL,4,"Mark Donohue",0
1971,16,NULL,4,"Henri Pescarolo",0
1971,18,Surtees,3,"Mike Hailwood",0
1971,18,Surtees,3,"John Surtees",0
1971,18,Surtees,3,"Rolf Stommelen",0
1971,21,Brabham,2,"Graham Hill",0
1971,22,Matra,1,"Jean-Pierre Beltoise",0
1972,1,Lotus,61,"Emerson Fittipaldi",5
1972,2,Tyrrell,45,"Jackie Stewart",4
1972,3,McLaren,39,"Denny Hulme",1
1972,4,Ferrari,27,"Jacky Ickx",1
1972,5,McLaren,23,"Peter   Revson",0
1972,6,Tyrrell,15,"Francois  Cevert ",0
1972,6,Ferrari,15,"Clay Regazzoni",0
1972,8,Surtees,13,"Mike Hailwood",0
1972,9,March,12,"Ronnie Peterson",0
1972,9,Matra,12,"Chris Amon",0
1972,11,BRM,9,"Jean-Pierre Beltoise",1
1972,12,Ferrari,4,"Mario Andretti",0
1972,12,BRM,4,"Howden  Ganley ",0
1972,12,BRM,4,"Brian   Redman",0
1972,12,Brabham,4,"Graham Hill",0
1972,16,Surtees,3,"Andrea de Adamich ",0
1972,16,Brabham,3,"Carlos Reutemann",0
1972,16,March,3,"Carlos Pace",0
1972,19,Surtees,2,"Tim   Schenken",0
1972,20,Ferrari,1,"Arturo Merzario",0
1972,20,BRM,1,"Peter  Gethin ",0
1973,1,Tyrrell,71,"Jackie Stewart",5
1973,2,Lotus,55,"Emerson Fittipaldi",3
1973,3,Lotus,52,"Ronnie Peterson",4
1973,4,Tyrrell,47,"Francois  Cevert ",0
1973,5,McLaren,38,"Peter   Revson",2
1973,6,McLaren,26,"Denny Hulme",1
1973,7,Brabham,16,"Carlos Reutemann",0
1973,8,March,14,"James Hunt",0
1973,9,"Iso Marlboro",12,"Jacky Ickx",0
1973,10,BRM,9,"Jean-Pierre Beltoise",0
1973,11,Surtees,7,"Carlos Pace",0
1973,12,Ferrari,6,"Arturo Merzario",0
1973,13,Shadow,5,"George  Follmer ",0
1973,14,Shadow,4,"Jackie Oliver",0
1973,15,Brabham,3,"Andrea de Adamich ",0
1973,15,Brabham,3,"Wilson Fittipaldi",0
1973,17,BRM,2,"Niki Lauda",0
1973,17,BRM,2,"Clay Regazzoni",0
1973,19,Tyrrell,1,"Chris Amon",0
1973,19,"Iso Marlboro",1,"Gijs van Lennep",0
1973,19,"Iso Marlboro",1,"Howden  Ganley ",0
1974,1,McLaren,55,"Emerson Fittipaldi",3
1974,2,Ferrari,52,"Clay Regazzoni",1
1974,3,Tyrrell,45,"Jody Scheckter",2
1974,4,Ferrari,38,"Niki Lauda",2
1974,5,Lotus,35,"Ronnie Peterson",3
1974,6,Brabham,32,"Carlos Reutemann",3
1974,7,McLaren,20,"Denny Hulme",1
1974,8,Hesketh,15,"James Hunt",0
1974,9,Tyrrell,14,"Patrick Depailler",0
1974,10,Lotus,12,"Jacky Ickx",0
1974,10,McLaren,12,"Mike Hailwood",0
1974,12,Brabham,11,"Carlos Pace",0
1974,13,BRM,10,"Jean-Pierre Beltoise",0
1974,14,Shadow,6,"Jean-Pierre Jarier",0
1974,14,Brabham,6,"John Watson",0
1974,16,March,5,"Hans-Joachim Stuck",0
1974,17,"Iso Marlboro",4,"Arturo Merzario",0
1974,18,Lola,1,"Graham Hill",0
1974,18,Shadow,1,"Tom Pryce",0
1974,18,March,1,"Vittorio Brambilla",0
1975,1,Ferrari,65,"Niki Lauda",5
1975,2,McLaren,45,"Emerson Fittipaldi",2
1975,3,Brabham,37,"Carlos Reutemann",1
1975,4,Hesketh,33,"James Hunt",1
1975,5,Ferrari,25,"Clay Regazzoni",1
1975,6,Brabham,24,"Carlos Pace",1
1975,7,Tyrrell,20,"Jody Scheckter",1
1975,7,McLaren,20,"Jochen Mass",1
1975,9,Tyrrell,12,"Patrick Depailler",0
1975,10,Shadow,8,"Tom Pryce",0
1975,11,March,7,"Vittorio Brambilla",1
1975,12,Williams,6,"Jacques Laffite",0
1975,12,Lotus,6,"Ronnie Peterson",0
1975,14,Parnelli,5,"Mario Andretti",0
1975,15,March,4,"Mark Donohue",0
1975,16,Lotus,3,"Jacky Ickx",0
1975,17,Hill,2,"Alan  Jones",0
1975,18,Shadow,2,"Jean-Pierre Jarier",0
1975,19,Hill,1,"Tony Brise",0
1975,19,Ensign,1,"Gijs van Lennep",0
1975,21,Williams,1,"Lella Lombardi",0
1976,1,McLaren,69,"James Hunt",6
1976,2,Ferrari,68,"Niki Lauda",5
1976,3,Tyrrell,49,"Jody Scheckter",1
1976,4,Tyrrell,39,"Patrick Depailler",0
1976,5,Ferrari,31,"Clay Regazzoni",1
1976,6,Lotus,22,"Mario Andretti",1
1976,7,Penske,20,"John Watson",1
1976,7,Ligier,20,"Jacques Laffite",0
1976,9,McLaren,19,"Jochen Mass",0
1976,10,Lotus,11,"Gunnar Nilsson",0
1976,11,March,10,"Ronnie Peterson",1
1976,11,Shadow,10,"Tom Pryce",0
1976,13,March,8,"Hans-Joachim Stuck",0
1976,14,Brabham,7,"Carlos Pace",0
1976,14,Surtees,7,"Alan  Jones",0
1976,16,Ferrari,3,"Carlos Reutemann",0
1976,16,Fittipaldi,3,"Emerson Fittipaldi",0
1976,18,Wolf,2,"Chris Amon",0
1976,19,Brabham,1,"Rolf Stommelen",0
1976,19,March,1,"Vittorio Brambilla",0
1977,1,Ferrari,72,"Niki Lauda",3
1977,2,Wolf,55,"Jody Scheckter",3
1977,3,Lotus,47,"Mario Andretti",4
1977,4,Ferrari,42,"Carlos Reutemann",1
1977,5,McLaren,40,"James Hunt",3
1977,6,McLaren,25,"Jochen Mass",0
1977,7,Shadow,22,"Alan  Jones",1
1977,8,Lotus,20,"Gunnar Nilsson",1
1977,8,Tyrrell,20,"Patrick Depailler",0
1977,10,Ligier,18,"Jacques Laffite",1
1977,11,Brabham,12,"Hans-Joachim Stuck",0
1977,12,Fittipaldi,11,"Emerson Fittipaldi",0
1977,13,Brabham,9,"John Watson",0
1977,14,Tyrrell,7,"Ronnie Peterson",0
1977,15,Brabham,6,"Carlos Pace",0
1977,15,Surtees,6,"Vittorio Brambilla",0
1977,17,Ensign,5,"Patrick Tambay",0
1977,17,Ensign,5,"Clay Regazzoni",0
1977,19,Shadow,1,"Renzo Zorzi",0
1977,19,Ligier,1,"Jean-Pierre Jarier",0
1977,19,Shadow,1,"Riccardo Patrese",0
1978,1,Lotus,64,"Mario Andretti",6
1978,2,Lotus,51,"Ronnie Peterson",2
1978,3,Ferrari,48,"Carlos Reutemann",4
1978,4,Brabham,44,"Niki Lauda",2
1978,5,Tyrrell,34,"Patrick Depailler",1
1978,6,Brabham,25,"John Watson",0
1978,7,Wolf,24,"Jody Scheckter",0
1978,8,Ligier,19,"Jacques Laffite",0
1978,9,Ferrari,17,"Gilles Villeneuve",1
1978,9,Fittipaldi,17,"Emerson Fittipaldi",0
1978,11,Williams,11,"Alan  Jones",0
1978,11,Arrows,11,"Riccardo Patrese",0
1978,13,McLaren,8,"James Hunt",0
1978,13,McLaren,8,"Patrick Tambay",0
1978,15,Tyrrell,7,"Didier Pironi",0
1978,16,Shadow,4,"Clay Regazzoni",0
1978,17,Renault,3,"Jean-Pierre Jabouille",0
1978,18,Shadow,2,"Hans-Joachim Stuck",0
1978,19,Lotus,1,"Hector Rebaque",0
1978,19,Surtees,1,"Vittorio Brambilla",0
1978,19,Ensign,1,"Derek Daly",0
1979,1,Ferrari,51,"Jody Scheckter",3
1979,2,Ferrari,47,"Gilles Villeneuve",3
1979,3,Williams,40,"Alan  Jones",4
1979,4,Ligier,36,"Jacques Laffite",2
1979,5,Williams,29,"Clay Regazzoni",1
1979,6,Ligier,20,"Patrick Depailler",1
1979,6,Lotus,20,"Carlos Reutemann",0
1979,8,Renault,17,"Rene Arnoux",0
1979,9,McLaren,15,"John Watson",0
1979,10,Tyrrell,14,"Didier Pironi",0
1979,10,Tyrrell,14,"Jean-Pierre Jarier",0
1979,10,Lotus,14,"Mario Andretti",0
1979,13,Renault,9,"Jean-Pierre Jabouille",1
1979,14,Brabham,4,"Niki Lauda",0
1979,15,Brabham,3,"Nelson Piquet",0
1979,15,Shadow,3,"Elio de Angelis",0
1979,15,Ligier,3,"Jacky Ickx",0
1979,15,Arrows,3,"Jochen Mass",0
1979,19,Arrows,2,"Riccardo Patrese",0
1979,19,ATS,2,"Hans-Joachim Stuck",0
1979,21,Fittipaldi,1,"Emerson Fittipaldi",0
1980,1,Williams,67,"Alan  Jones",5
1980,2,Brabham,54,"Nelson Piquet",3
1980,3,Williams,42,"Carlos Reutemann",1
1980,4,Ligier,34,"Jacques Laffite",1
1980,5,Ligier,32,"Didier Pironi",1
1980,6,Renault,29,"Rene Arnoux",2
1980,7,Lotus,13,"Elio de Angelis",0
1980,8,Renault,9,"Jean-Pierre Jabouille",1
1980,9,Arrows,7,"Riccardo Patrese",0
1980,10,Fittipaldi,6,"Keke Rosberg",0
1980,10,Tyrrell,6,"Derek Daly",0
1980,10,McLaren,6,"John Watson",0
1980,10,Tyrrell,6,"Jean-Pierre Jarier",0
1980,10,Ferrari,6,"Gilles Villeneuve",0
1980,15,Fittipaldi,5,"Emerson Fittipaldi",0
1980,15,McLaren,5,"Alain Prost",0
1980,17,Arrows,4,"Jochen Mass",0
1980,17,"Alfa Romeo",4,"Bruno Giacomelli",0
1980,19,Ferrari,2,"Jody Scheckter",0
1980,20,Brabham,1,"Hector Rebaque",0
1980,20,Lotus,1,"Mario Andretti",0
1981,1,Brabham,50,"Nelson Piquet",3
1981,2,Williams,49,"Carlos Reutemann",2
1981,3,Williams,46,"Alan  Jones",2
1981,4,Ligier,44,"Jacques Laffite",2
1981,5,Renault,43,"Alain Prost",3
1981,6,McLaren,27,"John Watson",1
1981,7,Ferrari,25,"Gilles Villeneuve",2
1981,8,Lotus,14,"Elio de Angelis",0
1981,9,Renault,11,"Rene Arnoux",0
1981,9,Brabham,11,"Hector Rebaque",0
1981,11,Arrows,10,"Riccardo Patrese",0
1981,11,Tyrrell,10,"Eddie  Cheever",0
1981,13,Ferrari,9,"Didier Pironi",0
1981,14,Lotus,8,"Nigel Mansell",0
1981,15,"Alfa Romeo",7,"Bruno Giacomelli",0
1981,16,Theodore,4,"Marc Surer",0
1981,17,"Alfa Romeo",3,"Mario Andretti",0
1981,18,Ligier,1,"Patrick Tambay",0
1981,18,McLaren,1,"Andrea de Cesaris",0
1981,18,ATS,1,"Slim Borgudd",0
1981,18,Ensign,1,"Eliseo Salazar",0
1982,1,Williams,44,"Keke Rosberg",1
1982,2,Ferrari,39,"Didier Pironi",2
1982,2,McLaren,39,"John Watson",2
1982,4,Renault,34,"Alain Prost",2
1982,5,McLaren,30,"Niki Lauda",2
1982,6,Renault,28,"Rene Arnoux",2
1982,7,Ferrari,25,"Patrick Tambay",1
1982,7,Tyrrell,25,"Michele Alboreto",1
1982,9,Lotus,23,"Elio de Angelis",1
1982,10,Brabham,21,"Riccardo Patrese",1
1982,11,Brabham,20,"Nelson Piquet",1
1982,12,Ligier,15,"Eddie  Cheever",0
1982,13,Williams,8,"Derek Daly",0
1982,14,Lotus,7,"Nigel Mansell",0
1982,15,Williams,6,"Carlos Reutemann",0
1982,15,Ferrari,6,"Gilles Villeneuve",0
1982,17,"Alfa Romeo",5,"Andrea de Cesaris",0
1982,17,Ligier,5,"Jacques Laffite",0
1982,19,Ferrari,4,"Mario Andretti",0
1982,20,Osella,3,"Jean-Pierre Jarier",0
1982,20,Arrows,3,"Marc Surer",0
1982,22,ATS,2,"Manfred Winkelhock",0
1982,22,ATS,2,"Eliseo Salazar",0
1982,22,"Alfa Romeo",2,"Bruno Giacomelli",0
1982,22,Arrows,2,"Mauro Baldi",0
1982,26,Fittipaldi,1,"Chico Serra",0
1983,1,Brabham,59,"Nelson Piquet",3
1983,2,Renault,57,"Alain Prost",4
1983,3,Ferrari,49,"Rene Arnoux",3
1983,4,Ferrari,40,"Patrick Tambay",1
1983,5,Williams,27,"Keke Rosberg",1
1983,6,McLaren,22,"John Watson",1
1983,7,Renault,22,"Eddie  Cheever",0
1983,8,"Alfa Romeo",15,"Andrea de Cesaris",0
1983,9,Brabham,13,"Riccardo Patrese",1
1983,10,McLaren,12,"Niki Lauda",0
1983,11,Williams,11,"Jacques Laffite",0
1983,12,Tyrrell,10,"Michele Alboreto",1
1983,13,Lotus,10,"Nigel Mansell",0
1983,14,Toleman,9,"Derek Warwick",0
1983,15,Arrows,4,"Marc Surer",0
1983,16,"Alfa Romeo",3,"Mauro Baldi",0
1983,17,Lotus,2,"Elio de Angelis",0
1983,18,Tyrrell,2,"Danny Sullivan",0
1983,19,Toleman,1,"Bruno Giacomelli",0
1983,20,Theodore,1,"Johnny Cecotto",0
1984,1,McLaren,72,"Niki Lauda",5
1984,2,McLaren,72,"Alain Prost",7
1984,3,Lotus,34,"Elio de Angelis",0
1984,4,Ferrari,31,"Michele Alboreto",1
1984,5,Brabham,29,"Nelson Piquet",2
1984,6,Ferrari,27,"Rene Arnoux",0
1984,7,Renault,23,"Derek Warwick",0
1984,8,Williams,21,"Keke Rosberg",1
1984,9,Toleman,13,"Ayrton Senna",0
1984,10,Lotus,13,"Nigel Mansell",0
1984,11,Renault,11,"Patrick Tambay",0
1984,12,Brabham,9,"Teo Fabi",0
1984,13,"Alfa Romeo",8,"Riccardo Patrese",0
1984,14,Williams,5,"Jacques Laffite",0
1984,15,Arrows,5,"Thierry Boutsen",0
1984,16,"Alfa Romeo",3,"Eddie  Cheever",0
1984,17,Toleman,3,"Stefan Johansson",0
1984,18,Ligier,3,"Andrea de Cesaris",0
1984,19,Osella,2,"Piercarlo Ghinzani",0
1984,20,Arrows,1,"Marc Surer",0
1985,1,McLaren,73,"Alain Prost",5
1985,2,Ferrari,53,"Michele Alboreto",2
1985,3,Williams,40,"Keke Rosberg",2
1985,4,Lotus,38,"Ayrton Senna",2
1985,5,Lotus,33,"Elio de Angelis",1
1985,6,Williams,31,"Nigel Mansell",2
1985,7,Ferrari,26,"Stefan Johansson",0
1985,8,Brabham,21,"Nelson Piquet",1
1985,9,Ligier,16,"Jacques Laffite",0
1985,10,McLaren,14,"Niki Lauda",1
1985,11,Arrows,11,"Thierry Boutsen",0
1985,12,Renault,11,"Patrick Tambay",0
1985,13,Brabham,5,"Marc Surer",0
1985,14,Renault,5,"Derek Warwick",0
1985,15,Ligier,4,"Philippe Streiff",0
1985,16,Tyrrell,4,"Stefan Bellof",0
1985,17,Ligier,3,"Andrea de Cesaris",0
1985,18,Ferrari,3,"Rene Arnoux",0
1985,19,Tyrrell,3,"Ivan Capelli",0
1985,20,Arrows,3,"Gerhard Berger",0
1986,1,McLaren,72,"Alain Prost",4
1986,2,Williams,70,"Nigel Mansell",5
1986,3,Williams,69,"Nelson Piquet",4
1986,4,Lotus,55,"Ayrton Senna",2
1986,5,Ferrari,23,"Stefan Johansson",0
1986,6,McLaren,22,"Keke Rosberg",0
1986,7,Benetton,17,"Gerhard Berger",1
1986,8,Ligier,14,"Jacques Laffite",0
1986,9,Ferrari,14,"Michele Alboreto",0
1986,10,Ligier,14,"Rene Arnoux",0
1986,11,Tyrrell,8,"Martin Brundle",0
1986,12,Lola,4,"Alan  Jones",0
1986,13,Lotus,3,"Johnny Dumfries",0
1986,14,Tyrrell,3,"Philippe Streiff",0
1986,15,Benetton,2,"Teo Fabi",0
1986,16,Lola,2,"Patrick Tambay",0
1986,17,Brabham,2,"Riccardo Patrese",0
1986,18,Ligier,1,"Philippe Alliot",0
1986,19,Arrows,1,"Christian Danner",0
1987,1,Williams,73,"Nelson Piquet",3
1987,2,Williams,61,"Nigel Mansell",6
1987,3,Lotus,57,"Ayrton Senna",2
1987,4,McLaren,46,"Alain Prost",3
1987,5,Ferrari,36,"Gerhard Berger",2
1987,6,McLaren,30,"Stefan Johansson",0
1987,7,Ferrari,17,"Michele Alboreto",0
1987,8,Benetton,16,"Thierry Boutsen",0
1987,9,Benetton,12,"Teo Fabi",0
1987,10,Arrows,8,"Eddie  Cheever",0
1987,11,Tyrrell,7,"Jonathan  Palmer",0
1987,12,Lotus,7,"Satoru Nakajima",0
1987,13,Williams,6,"Riccardo Patrese",0
1987,14,Brabham,4,"Andrea de Cesaris",0
1987,15,Tyrrell,4,"Philippe Streiff",0
1987,16,Arrows,3,"Derek Warwick",0
1987,17,Lola,3,"Philippe Alliot",0
1987,18,Zakspeed,2,"Martin Brundle",0
1987,19,Ligier,1,"Rene Arnoux",0
1987,20,March,1,"Ivan Capelli",0
1987,21,AGS,1,"Roberto Moreno",0
1988,1,McLaren,90,"Ayrton Senna",8
1988,2,McLaren,87,"Alain Prost",7
1988,3,Ferrari,41,"Gerhard Berger",1
1988,4,Benetton,27,"Thierry Boutsen",0
1988,5,Ferrari,24,"Michele Alboreto",0
1988,6,Lotus,22,"Nelson Piquet",0
1988,7,March,17,"Ivan Capelli",0
1988,8,Arrows,17,"Derek Warwick",0
1988,9,Williams,12,"Nigel Mansell",0
1988,10,Benetton,12,"Alessandro Nannini",0
1988,11,Williams,8,"Riccardo Patrese",0
1988,12,Arrows,6,"Eddie  Cheever",0
1988,13,March,5,"Mauricio Gugelmin",0
1988,14,Tyrrell,5,"Jonathan  Palmer",0
1988,15,Rial,3,"Andrea de Cesaris",0
1988,16,Minardi,1,"Pierluigi Martini",0
1988,17,Lotus,1,"Satoru Nakajima",0
1989,1,McLaren,76,"Alain Prost",4
1989,2,McLaren,60,"Ayrton Senna",6
1989,3,Williams,40,"Riccardo Patrese",0
1989,4,Ferrari,38,"Nigel Mansell",2
1989,5,Williams,37,"Thierry Boutsen",2
1989,6,Benetton,32,"Alessandro Nannini",1
1989,7,Ferrari,21,"Gerhard Berger",1
1989,8,Lotus,12,"Nelson Piquet",0
1989,9,Tyrrell,8,"Jean Alesi",0
1989,10,Arrows,7,"Derek Warwick",0
1989,11,Onyx,6,"Stefan Johansson",0
1989,11,Lola,6,"Michele Alboreto",0
1989,11,Arrows,6,"Eddie  Cheever",0
1989,14,Tyrrell,5,"Johnny Herbert",0
1989,15,Minardi,5,"Pierluigi Martini",0
1989,16,Dallara,4,"Andrea de Cesaris",0
1989,16,March,4,"Mauricio Gugelmin",0
1989,16,Brabham,4,"Stefano Modena",0
1989,19,Dallara,4,"Alex Caffi",0
1989,20,Brabham,4,"Martin Brundle",0
1989,21,Rial,3,"Christian Danner",0
1989,21,Lotus,3,"Satoru Nakajima",0
1989,23,Ligier,2,"Rene Arnoux",0
1989,23,Benetton,2,"Emanuele Pirro",0
1989,25,Tyrrell,2,"Jonathan  Palmer",0
1989,26,AGS,1,"Gabriele Tarquini",0
1989,26,Lola,1,"Philippe Alliot",0
1989,26,Ligier,1,"Olivier Grouillard",0
1989,26,Minardi,1,"Luis Perez-Sala",0
1990,1,McLaren,78,"Ayrton Senna",6
1990,2,Ferrari,71,"Alain Prost",5
1990,3,Benetton,43,"Nelson Piquet",2
1990,3,McLaren,43,"Gerhard Berger",0
1990,5,Ferrari,37,"Nigel Mansell",1
1990,6,Williams,34,"Thierry Boutsen",1
1990,7,Williams,23,"Riccardo Patrese",1
1990,8,Benetton,21,"Alessandro Nannini",0
1990,9,Tyrrell,13,"Jean Alesi",0
1990,10,"Leyton House",6,"Ivan Capelli",0
1990,10,Benetton,6,"Roberto Moreno",0
1990,12,Lola,6,"Aguri Suzuki",0
1990,13,Lola,5,"Eric Bernard",0
1990,14,Lotus,3,"Derek Warwick",0
1990,15,Tyrrell,3,"Satoru Nakajima",0
1990,16,Arrows,2,"Alex Caffi",0
1990,16,Brabham,2,"Stefano Modena",0
1990,18,"Leyton House",1,"Mauricio Gugelmin",0
1991,1,McLaren,96,"Ayrton Senna",7
1991,2,Williams,72,"Nigel Mansell",5
1991,3,Williams,53,"Riccardo Patrese",2
1991,4,McLaren,43,"Gerhard Berger",1
1991,5,Ferrari,34,"Alain Prost",0
1991,6,Benetton,27,"Nelson Piquet",1
1991,7,Ferrari,21,"Jean Alesi",0
1991,8,Tyrrell,10,"Stefano Modena",0
1991,9,Jordan,9,"Andrea de Cesaris",0
1991,10,Minardi,8,"Roberto Moreno",0
1991,11,Minardi,6,"Pierluigi Martini",0
1991,12,Dallara,4,"Jyrki Jarvilehto",0
1991,12,Jordan,4,"Bertrand Gachot",0
1991,12,Benetton,4,"Michael Schumacher",0
1991,15,Lotus,2,"Mika Hakkinen",0
1991,15,Brabham,2,"Martin Brundle",0
1991,15,Tyrrell,2,"Satoru Nakajima",0
1991,18,Lotus,1,"Julian Bailey",0
1991,18,Lola,1,"Eric Bernard",0
1991,18,"Leyton House",1,"Ivan Capelli",0
1991,18,Lola,1,"Aguri Suzuki",0
1991,18,Dallara,1,"Emanuele Pirro",0
1991,18,Brabham,1,"Mark Blundell",0
1991,24,Ferrari,1,"Gianni Morbidelli",0
1992,1,Williams,108,"Nigel Mansell",9
1992,2,Williams,56,"Riccardo Patrese",1
1992,3,Benetton,53,"Michael Schumacher",1
1992,4,McLaren,50,"Ayrton Senna",3
1992,5,McLaren,49,"Gerhard Berger",2
1992,6,Benetton,38,"Martin Brundle",0
1992,7,Ferrari,18,"Jean Alesi",0
1992,8,Lotus,11,"Mika Hakkinen",0
1992,9,Tyrrell,8,"Andrea de Cesaris",0
1992,10,Footwork,6,"Michele Alboreto",0
1992,11,Ligier,4,"Erik Comas",0
1992,12,March,3,"Karl Wendlinger",0
1992,12,Ferrari,3,"Ivan Capelli",0
1992,14,Ligier,2,"Thierry Boutsen",0
1992,15,Dallara,2,"Pierluigi Martini",0
1992,16,Lotus,2,"Johnny Herbert",0
1992,17,Jordan,1,"Stefano Modena",0
1992,18,Minardi,1,"Christian Fittipaldi",0
1992,19,Venturi,1,"Bertrand Gachot",0
1993,1,Williams,99,"Alain Prost",7
1993,2,McLaren,73,"Ayrton Senna",5
1993,3,Williams,69,"Damon Hill",3
1993,4,Benetton,52,"Michael Schumacher",1
1993,5,Benetton,20,"Riccardo Patrese",0
1993,6,Ferrari,16,"Jean Alesi",0
1993,7,Ligier,13,"Martin Brundle",0
1993,8,Ferrari,12,"Gerhard Berger",0
1993,9,Lotus,11,"Johnny Herbert",0
1993,10,Ligier,10,"Mark Blundell",0
1993,11,McLaren,7,"Michael Andretti",0
1993,12,Sauber,7,"Karl Wendlinger",0
1993,13,Minardi,5,"Christian Fittipaldi",0
1993,13,Sauber,5,"Jyrki Jarvilehto",0
1993,15,McLaren,4,"Mika Hakkinen",0
1993,16,Footwork,4,"Derek Warwick",0
1993,17,Larrousse,2,"Philippe Alliot",0
1993,17,Jordan,2,"Rubens Barrichello",0
1993,19,Minardi,2,"Fabrizio Barbazza",0
1993,20,Lotus,1,"Alessandro Zanardi",0
1993,20,Larrousse,1,"Erik Comas",0
1993,20,Jordan,1,"Eddie Irvine",0
1994,1,Benetton,92,"Michael Schumacher",8
1994,2,Williams,91,"Damon Hill",6
1994,3,Ferrari,41,"Gerhard Berger",1
1994,4,McLaren,26,"Mika Hakkinen",0
1994,5,Ferrari,24,"Jean Alesi",0
1994,6,Jordan,19,"Rubens Barrichello",0
1994,7,McLaren,16,"Martin Brundle",0
1994,8,Williams,14,"David Coulthard",0
1994,9,Williams,13,"Nigel Mansell",1
1994,10,Benetton,10,"Jos Verstappen",0
1994,11,Ligier,9,"Olivier Panis",0
1994,12,Tyrrell,8,"Mark Blundell",0
1994,13,Sauber,7,"Heinz-Harald Frentzen",0
1994,14,Ferrari,6,"Nicola Larini",0
1994,15,Footwork,6,"Christian Fittipaldi",0
1994,16,Jordan,6,"Eddie Irvine",0
1994,17,Tyrrell,5,"Ukyo Katayama",0
1994,18,Lotus,4,"Eric Bernard",0
1994,19,Sauber,4,"Karl Wendlinger",0
1994,20,Sauber,4,"Andrea de Cesaris",0
1994,21,Minardi,4,"Pierluigi Martini",0
1994,22,Footwork,3,"Gianni Morbidelli",0
1994,23,Larrousse,2,"Erik Comas",0
1994,24,Minardi,1,"Michele Alboreto",0
1994,25,Sauber,1,"Jyrki Jarvilehto",0
1995,1,Benetton,102,"Michael Schumacher",9
1995,2,Williams,69,"Damon Hill",4
1995,3,Williams,49,"David Coulthard",1
1995,4,Benetton,45,"Johnny Herbert",2
1995,5,Ferrari,42,"Jean Alesi",1
1995,6,Ferrari,31,"Gerhard Berger",0
1995,7,McLaren,17,"Mika Hakkinen",0
1995,8,Ligier,16,"Olivier Panis",0
1995,9,Sauber,15,"Heinz-Harald Frentzen",0
1995,10,McLaren,13,"Mark Blundell",0
1995,11,Jordan,11,"Rubens Barrichello",0
1995,12,Jordan,10,"Eddie Irvine",0
1995,13,Ligier,7,"Martin Brundle",0
1995,14,Footwork,5,"Gianni Morbidelli",0
1995,15,Tyrrell,5,"Mika Salo",0
1995,16,Sauber,3,"Jean-Christophe Boullion",0
1995,17,Ligier,1,"Aguri Suzuki",0
1995,18,Minardi,1,"Pedro Lamy",0
1996,1,Williams,97,"Damon Hill",8
1996,2,Williams,78,"Jacques Villeneuve",4
1996,3,Ferrari,59,"Michael Schumacher",3
1996,4,Benetton,47,"Jean Alesi",0
1996,5,McLaren,31,"Mika Hakkinen",0
1996,6,Benetton,21,"Gerhard Berger",0
1996,7,McLaren,18,"David Coulthard",0
1996,8,Jordan,14,"Rubens Barrichello",0
1996,9,Ligier,13,"Olivier Panis",1
1996,10,Ferrari,11,"Eddie Irvine",0
1996,11,Jordan,8,"Martin Brundle",0
1996,12,Sauber,7,"Heinz-Harald Frentzen",0
1996,13,Tyrrell,5,"Mika Salo",0
1996,14,Sauber,4,"Johnny Herbert",0
1996,15,Ligier,2,"Pedro Diniz",0
1996,16,Footwork,1,"Jos Verstappen",0
1997,1,Williams,81,"Jacques Villeneuve",7
1997,2,Williams,42,"Heinz-Harald Frentzen",1
1997,3,McLaren,36,"David Coulthard",2
1997,4,Benetton,36,"Jean Alesi",0
1997,5,Benetton,27,"Gerhard Berger",1
1997,6,McLaren,27,"Mika Hakkinen",1
1997,7,Ferrari,24,"Eddie Irvine",0
1997,8,Jordan,20,"Giancarlo Fisichella",0
1997,9,Prost,16,"Olivier Panis",0
1997,10,Sauber,15,"Johnny Herbert",0
1997,11,Jordan,13,"Ralf Schumacher",0
1997,12,Arrows,7,"Damon Hill",0
1997,13,Stewart,6,"Rubens Barrichello",0
1997,14,Benetton,4,"Alexander Wurz",0
1997,15,Prost,3,"Jarno Trulli",0
1997,16,Tyrrell,2,"Mika Salo",0
1997,17,Arrows,2,"Pedro Diniz",0
1997,18,Prost,2,"Shinji Nakano",0
1997,19,Sauber,1,"Nicola Larini",0
1998,1,McLaren,100,"Mika Hakkinen",8
1998,2,Ferrari,86,"Michael Schumacher",6
1998,3,McLaren,56,"David Coulthard",1
1998,4,Ferrari,47,"Eddie Irvine",0
1998,5,Williams,21,"Jacques Villeneuve",0
1998,6,Jordan,20,"Damon Hill",1
1998,7,Williams,17,"Heinz-Harald Frentzen",0
1998,8,Benetton,17,"Alexander Wurz",0
1998,9,Benetton,16,"Giancarlo Fisichella",0
1998,10,Jordan,14,"Ralf Schumacher",0
1998,11,Sauber,9,"Jean Alesi",0
1998,12,Stewart,4,"Rubens Barrichello",0
1998,13,Arrows,3,"Mika Salo",0
1998,14,Arrows,3,"Pedro Diniz",0
1998,15,Sauber,1,"Johnny Herbert",0
1998,16,Stewart,1,"Jan Magnussen",0
1998,17,Prost,1,"Jarno Trulli",0
1998,18,Tyrrell,0,"Ricardo Rosset",0
1998,19,Prost,0,"Olivier Panis",0
1998,20,Tyrrell,0,"Toranosuke Takagi",0
1998,21,Minardi,0,"Shinji Nakano",0
1998,22,Minardi,0,"Esteban Tuero",0
1998,23,Stewart,0,"Jos Verstappen",0
1999,1,McLaren,76,"Mika Hakkinen",5
1999,2,Ferrari,74,"Eddie Irvine",4
1999,3,Jordan,54,"Heinz-Harald Frentzen",2
1999,4,McLaren,48,"David Coulthard",2
1999,5,Ferrari,44,"Michael Schumacher",2
1999,6,Williams,35,"Ralf Schumacher",0
1999,7,Stewart,21,"Rubens Barrichello",0
1999,8,Stewart,15,"Johnny Herbert",1
1999,9,Benetton,13,"Giancarlo Fisichella",0
1999,10,Ferrari,10,"Mika Salo",0
1999,11,Prost,7,"Jarno Trulli",0
1999,12,Jordan,7,"Damon Hill",0
1999,13,Benetton,3,"Alexander Wurz",0
1999,14,Sauber,3,"Pedro Diniz",0
1999,15,Prost,2,"Olivier Panis",0
1999,16,Sauber,2,"Jean Alesi",0
1999,17,Arrows,1,"Pedro de la Rosa",0
1999,18,Minardi,1,"Marc Gene",0
2000,1,Ferrari,108,"Michael Schumacher",9
2000,2,McLaren,89,"Mika Hakkinen",4
2000,3,McLaren,73,"David Coulthard",3
2000,4,Ferrari,62,"Rubens Barrichello",1
2000,5,Williams,24,"Ralf Schumacher",0
2000,6,Benetton,18,"Giancarlo Fisichella",0
2000,7,BAR,17,"Jacques Villeneuve",0
2000,8,Williams,12,"Jenson Button",0
2000,9,Jordan,11,"Heinz-Harald Frentzen",0
2000,10,Jordan,6,"Jarno Trulli",0
2000,11,Sauber,6,"Mika Salo",0
2000,12,Arrows,5,"Jos Verstappen",0
2000,13,Jaguar,4,"Eddie Irvine",0
2000,14,BAR,3,"Ricardo Zonta",0
2000,15,Benetton,2,"Alexander Wurz",0
2000,16,Arrows,2,"Pedro de la Rosa",0
2000,17,Sauber,0,"Pedro Diniz",0
2000,18,Jaguar,0,"Johnny Herbert",0
2000,19,Minardi,0,"Marc Gene",0
2000,20,Minardi,0,"Gaston Mazzacane",0
2000,21,Prost,0,"Nick Heidfeld",0
2000,22,Prost,0,"Jean Alesi",0
2000,23,Jaguar,0,"Luciano Burti",0
2001,1,Ferrari,123,"Michael Schumacher",9
2001,2,McLaren,65,"David Coulthard",2
2001,3,Ferrari,56,"Rubens Barrichello",0
2001,4,Williams,49,"Ralf Schumacher",3
2001,5,McLaren,37,"Mika Hakkinen",2
2001,6,Williams,31,"Juan Pablo Montoya",1
2001,7,BAR,12,"Jacques Villeneuve",0
2001,8,Sauber,12,"Nick Heidfeld",0
2001,9,Jordan,12,"Jarno Trulli",0
2001,10,Sauber,9,"Kimi Raikkonen",0
2001,11,Benetton,8,"Giancarlo Fisichella",0
2001,12,Jaguar,6,"Eddie Irvine",0
2001,13,Prost,6,"Heinz-Harald Frentzen",0
2001,14,BAR,5,"Olivier Panis",0
2001,15,Jordan,5,"Jean Alesi",0
2001,16,Jaguar,3,"Pedro de la Rosa",0
2001,17,Benetton,2,"Jenson Button",0
2001,18,Arrows,1,"Jos Verstappen",0
2002,1,Ferrari,144,"Michael Schumacher",11
2002,2,Ferrari,77,"Rubens Barrichello",4
2002,3,Williams,50,"Juan Pablo Montoya",0
2002,4,Williams,42,"Ralf Schumacher",1
2002,5,McLaren,41,"David Coulthard",1
2002,6,McLaren,24,"Kimi Raikkonen",0
2002,7,Renault,14,"Jenson Button",0
2002,8,Renault,9,"Jarno Trulli",0
2002,9,Jaguar,8,"Eddie Irvine",0
2002,10,Sauber,7,"Nick Heidfeld",0
2002,11,Jordan,7,"Giancarlo Fisichella",0
2002,12,BAR,4,"Jacques Villeneuve",0
2002,13,Sauber,4,"Felipe Massa",0
2002,14,BAR,3,"Olivier Panis",0
2002,15,Jordan,2,"Takuma Sato",0
2002,16,Minardi,2,"Mark Webber",0
2002,17,Toyota,2,"Mika Salo",0
2002,18,Sauber,2,"Heinz-Harald Frentzen",0
2002,19,Toyota,0,"Allan McNish",0
2002,20,Minardi,0,"Alex Yoong",0
2002,21,Jaguar,0,"Pedro de la Rosa",0
2002,22,Arrows,0,"Enrique Bernoldi",0
2003,1,Ferrari,93,"Michael Schumacher",6
2003,2,McLaren,91,"Kimi Raikkonen",1
2003,3,Williams,82,"Juan Pablo Montoya",2
2003,4,Ferrari,65,"Rubens Barrichello",2
2003,5,Williams,58,"Ralf Schumacher",2
2003,6,Renault,55,"Fernando Alonso",1
2003,7,McLaren,51,"David Coulthard",1
2003,8,Renault,33,"Jarno Trulli",0
2003,9,BAR,17,"Jenson Button",0
2003,10,Jaguar,17,"Mark Webber",0
2003,11,Sauber,13,"Heinz-Harald Frentzen",0
2003,12,Jordan,12,"Giancarlo Fisichella",1
2003,13,Toyota,10,"Cristiano da Matta",0
2003,14,Sauber,6,"Nick Heidfeld",0
2003,15,Toyota,6,"Olivier Panis",0
2003,16,BAR,6,"Jacques Villeneuve",0
2003,17,Williams,4,"Marc Gene",0
2003,18,BAR,3,"Takuma Sato",0
2003,19,Jordan,1,"Ralph Firman",0
2003,20,Jaguar,1,"Justin Wilson",0
2003,21,Jaguar,0,"Antonio Pizzonia",0
2003,22,Minardi,0,"Jos Verstappen",0
2003,23,Minardi,0,"Nicolas Kiesa",0
2003,24,Jordan,0,"Zsolt Baumgartner",0
2004,1,Ferrari,148,"Michael Schumacher",13
2004,2,Ferrari,114,"Rubens Barrichello",2
2004,3,BAR,85,"Jenson Button",0
2004,4,Renault,59,"Fernando Alonso",0
2004,5,Williams,58,"Juan Pablo Montoya",1
2004,6,Toyota,46,"Jarno Trulli",1
2004,7,McLaren,45,"Kimi Raikkonen",1
2004,8,BAR,34,"Takuma Sato",0
2004,9,Williams,24,"Ralf Schumacher",0
2004,10,McLaren,24,"David Coulthard",0
2004,11,Sauber,22,"Giancarlo Fisichella",0
2004,12,Sauber,12,"Felipe Massa",0
2004,13,Jaguar,7,"Mark Webber",0
2004,14,Toyota,6,"Olivier Panis",0
2004,15,Williams,6,"Antonio Pizzonia",0
2004,16,Jaguar,3,"Christian Klien",0
2004,17,Toyota,3,"Cristiano da Matta",0
2004,18,Jordan,3,"Nick Heidfeld",0
2004,19,Jordan,2,"Timo Glock",0
2004,20,Minardi,1,"Zsolt Baumgartner",0
2004,21,Renault,0,"Jacques Villeneuve",0
2004,22,Toyota,0,"Ricardo Zonta",0
2004,23,Williams,0,"Marc Gene",0
2004,24,Jordan,0,"Giorgio Pantano",0
2004,25,Minardi,0,"Gianmaria Bruni",0
2005,1,Renault,133,"Fernando Alonso",7
2005,2,McLaren,112,"Kimi Raikkonen",7
2005,3,Ferrari,62,"Michael Schumacher",1
2005,4,McLaren,60,"Juan Pablo Montoya",3
2005,5,Renault,58,"Giancarlo Fisichella",1
2005,6,Toyota,45,"Ralf Schumacher",0
2005,7,Toyota,43,"Jarno Trulli",0
2005,8,Ferrari,38,"Rubens Barrichello",0
2005,9,BAR,37,"Jenson Button",0
2005,10,Williams,36,"Mark Webber",0
2005,11,Williams,28,"Nick Heidfeld",0
2005,12,"Red Bull Racing",24,"David Coulthard",0
2005,13,Sauber,11,"Felipe Massa",0
2005,14,Sauber,9,"Jacques Villeneuve",0
2005,15,"Red Bull Racing",9,"Christian Klien",0
2005,16,Jordan,7,"Tiago Monteiro",0
2005,17,McLaren,6,"Alexander Wurz",0
2005,18,Jordan,5,"Narain Karthikeyan",0
2005,19,Minardi,4,"Christijan Albers",0
2005,20,McLaren,4,"Pedro de la Rosa",0
2005,21,Minardi,3,"Patrick Friesacher ",0
2005,22,Williams,2,"Antonio Pizzonia",0
2005,23,BAR,1,"Takuma Sato",0
2005,24,"Red Bull Racing",1,"Vitantonio Liuzzi",0
2005,25,Minardi,0,"Robert Doornbos",0
2006,1,Renault,134,"Fernando Alonso",7
2006,2,Ferrari,121,"Michael Schumacher",7
2006,3,Ferrari,80,"Felipe Massa",2
2006,4,Renault,72,"Giancarlo Fisichella",1
2006,5,McLaren,65,"Kimi Raikkonen",0
2006,6,Honda,56,"Jenson Button",1
2006,7,Honda,30,"Rubens Barrichello",0
2006,8,McLaren,26,"Juan Pablo Montoya",0
2006,9,Sauber,23,"Nick Heidfeld",0
2006,10,Toyota,20,"Ralf Schumacher",0
2006,11,McLaren,19,"Pedro de la Rosa",0
2006,12,Toyota,15,"Jarno Trulli",0
2006,13,"Red Bull Racing",14,"David Coulthard",0
2006,14,Williams,7,"Mark Webber",0
2006,15,Sauber,7,"Jacques Villeneuve",0
2006,16,Sauber,6,"Robert Kubica",0
2006,17,Williams,4,"Nico Rosberg",0
2006,18,"Red Bull Racing",2,"Christian Klien",0
2006,19,"Toro Rosso",1,"Vitantonio Liuzzi",0
2006,20,"Toro Rosso",0,"Scott Speed",0
2006,21,MF1,0,"Tiago Monteiro",0
2006,22,MF1,0,"Christijan Albers",0
2006,23,"Super Aguri",0,"Takuma Sato",0
2006,24,"Red Bull Racing",0,"Robert Doornbos",0
2006,25,"Super Aguri",0,"Yuji Ide",0
2006,26,"Super Aguri",0,"Sakon Yamamoto",0
2006,27,"Super Aguri",0,"Franck Montagny",0
2007,1,Ferrari,110,"Kimi Raikkonen",6
2007,2,McLaren,109,"Lewis Hamilton",4
2007,3,McLaren,109,"Fernando Alonso",4
2007,4,Ferrari,94,"Felipe Massa",3
2007,5,Sauber,61,"Nick Heidfeld",0
2007,6,Sauber,39,"Robert Kubica",0
2007,7,Renault,30,"Heikki Kovalainen",0
2007,8,Renault,21,"Giancarlo Fisichella",0
2007,9,Williams,20,"Nico Rosberg",0
2007,10,"Red Bull Racing",14,"David Coulthard",0
2007,11,Williams,13,"Alexander Wurz",0
2007,12,"Red Bull Racing",10,"Mark Webber",0
2007,13,Toyota,8,"Jarno Trulli",0
2007,14,"Toro Rosso",6,"Sebastian Vettel",0
2007,15,Honda,6,"Jenson Button",0
2007,16,Toyota,5,"Ralf Schumacher",0
2007,17,"Super Aguri",4,"Takuma Sato",0
2007,18,"Toro Rosso",3,"Vitantonio Liuzzi",0
2007,19,Spyker,1,"Adrian Sutil",0
2007,20,Honda,0,"Rubens Barrichello",0
2007,21,"Toro Rosso",0,"Scott Speed",0
2007,22,Williams,0,"Kazuki Nakajima",0
2007,23,"Super Aguri",0,"Anthony Davidson",0
2007,24,Spyker,0,"Sakon Yamamoto",0
2007,25,Spyker,0,"Christijan Albers",0
2008,1,McLaren,98,"Lewis Hamilton",5
2008,2,Ferrari,97,"Felipe Massa",6
2008,3,Ferrari,75,"Kimi Raikkonen",2
2008,4,Sauber,75,"Robert Kubica",1
2008,5,Renault,61,"Fernando Alonso",2
2008,6,Sauber,60,"Nick Heidfeld",0
2008,7,McLaren,53,"Heikki Kovalainen",1
2008,8,"Toro Rosso",35,"Sebastian Vettel",1
2008,9,Toyota,31,"Jarno Trulli",0
2008,10,Toyota,25,"Timo Glock",0
2008,11,"Red Bull Racing",21,"Mark Webber",0
2008,12,Renault,19,"Nelson Piquet",0
2008,13,Williams,17,"Nico Rosberg",0
2008,14,Honda,11,"Rubens Barrichello",0
2008,15,Williams,9,"Kazuki Nakajima",0
2008,16,"Red Bull Racing",8,"David Coulthard",0
2008,17,"Toro Rosso",4,"Sebastien Bourdais",0
2008,18,Honda,3,"Jenson Button",0
2008,19,"Force India",0,"Giancarlo Fisichella",0
2008,20,"Force India",0,"Adrian Sutil",0
2008,21,"Super Aguri",0,"Takuma Sato",0
2008,22,"Super Aguri",0,"Anthony Davidson",0
2009,1,Brawn,95,"Jenson Button",6
2009,2,"Red Bull Racing",84,"Sebastian Vettel",4
2009,3,Brawn,77,"Rubens Barrichello",2
2009,4,"Red Bull Racing",70,"Mark Webber",2
2009,5,McLaren,49,"Lewis Hamilton",2
2009,6,Ferrari,48,"Kimi Raikkonen",1
2009,7,Williams,35,"Nico Rosberg",0
2009,8,Toyota,33,"Jarno Trulli",0
2009,9,Renault,26,"Fernando Alonso",0
2009,10,Toyota,24,"Timo Glock",0
2009,11,Ferrari,22,"Felipe Massa",0
2009,12,McLaren,22,"Heikki Kovalainen",0
2009,13,Sauber,19,"Nick Heidfeld",0
2009,14,Sauber,17,"Robert Kubica",0
2009,15,Ferrari,8,"Giancarlo Fisichella",0
2009,16,"Toro Rosso",6,"Sebastien Buemi",0
2009,17,"Force India",5,"Adrian Sutil",0
2009,18,Toyota,3,"Kamui Kobayashi",0
2009,19,"Toro Rosso",2,"Sebastien Bourdais",0
2009,20,Williams,0,"Kazuki Nakajima",0
2009,21,Renault,0,"Nelson Piquet",0
2009,22,"Force India",0,"Vitantonio Liuzzi",0
2009,23,Renault,0,"Romain Grosjean",0
2009,24,"Toro Rosso",0,"Jaime Alguersuari",0
2009,25,Ferrari,0,"Luca Badoer",0
2010,1,"Red Bull Racing",256,"Sebastian Vettel",5
2010,2,Ferrari,252,"Fernando Alonso",5
2010,3,"Red Bull Racing",242,"Mark Webber",4
2010,4,McLaren,240,"Lewis Hamilton",3
2010,5,McLaren,214,"Jenson Button",2
2010,6,Ferrari,144,"Felipe Massa",0
2010,7,Mercedes,142,"Nico Rosberg",0
2010,8,Renault,136,"Robert Kubica",0
2010,9,Mercedes,72,"Michael Schumacher",0
2010,10,Williams,47,"Rubens Barrichello",0
2010,11,"Force India",47,"Adrian Sutil",0
2010,12,Sauber,32,"Kamui Kobayashi",0
2010,13,Renault,27,"Vitaly Petrov",0
2010,14,Williams,22,"Nico Hulkenberg",0
2010,15,"Force India",21,"Vitantonio Liuzzi",0
2010,16,"Toro Rosso",8,"Sebastien Buemi",0
2010,17,Sauber,6,"Pedro de la Rosa",0
2010,18,Sauber,6,"Nick Heidfeld",0
2010,19,"Toro Rosso",5,"Jaime Alguersuari",0
2010,20,Lotus,0,"Heikki Kovalainen",0
2010,21,Lotus,0,"Jarno Trulli",0
2010,22,HRT,0,"Karun Chandhok",0
2010,23,HRT,0,"Bruno Senna",0
2010,24,Virgin,0,"Lucas di Grassi",0
2010,25,Virgin,0,"Timo Glock",0
2010,26,HRT,0,"Sakon Yamamoto",0
2010,27,HRT,0,"Christian Klien",0
2011,1,"Red Bull Racing",392,"Sebastian Vettel",11
2011,2,McLaren,270,"Jenson Button",3
2011,3,"Red Bull Racing",258,"Mark Webber",1
2011,4,Ferrari,257,"Fernando Alonso",1
2011,5,McLaren,227,"Lewis Hamilton",3
2011,6,Ferrari,118,"Felipe Massa",0
2011,7,Mercedes,89,"Nico Rosberg",0
2011,8,Mercedes,76,"Michael Schumacher",0
2011,9,"Force India",42,"Adrian Sutil",0
2011,10,Renault,37,"Vitaly Petrov",0
2011,11,Renault,34,"Nick Heidfeld",0
2011,12,Sauber,30,"Kamui Kobayashi",0
2011,13,"Force India",27,"Paul di Resta",0
2011,14,"Toro Rosso",26,"Jaime Alguersuari",0
2011,15,"Toro Rosso",15,"Sebastien Buemi",0
2011,16,Sauber,14,"Sergio Perez",0
2011,17,Williams,4,"Rubens Barrichello",0
2011,18,Renault,2,"Bruno Senna",0
2011,19,Williams,1,"Pastor Maldonado",0
2011,20,Sauber,0,"Pedro de la Rosa",0
2011,21,Lotus,0,"Jarno Trulli",0
2011,22,Lotus,0,"Heikki Kovalainen",0
2011,23,HRT,0,"Vitantonio Liuzzi",0
2011,24,Virgin,0,"Jerome d'Ambrosio",0
2011,25,Virgin,0,"Timo Glock",0
2011,26,HRT,0,"Narain Karthikeyan",0
2011,27,HRT,0,"Daniel Ricciardo",0
2011,28,Lotus,0,"Karun Chandhok",0
2012,1,"Red Bull Racing",281,"Sebastian Vettel",5
2012,2,Ferrari,278,"Fernando Alonso",3
2012,3,Lotus,207,"Kimi Raikkonen",1
2012,4,McLaren,190,"Lewis Hamilton",4
2012,5,McLaren,188,"Jenson Button",3
2012,6,"Red Bull Racing",179,"Mark Webber",2
2012,7,Ferrari,122,"Felipe Massa",0
2012,8,Lotus,96,"Romain Grosjean",0
2012,9,Mercedes,93,"Nico Rosberg",1
2012,10,Sauber,66,"Sergio Perez",0
2012,11,"Force India",63,"Nico Hulkenberg",0
2012,12,Sauber,60,"Kamui Kobayashi",0
2012,13,Mercedes,49,"Michael Schumacher",0
2012,14,"Force India",46,"Paul di Resta",0
2012,15,Williams,45,"Pastor Maldonado",1
2012,16,Williams,31,"Bruno Senna",0
2012,17,"Toro Rosso",16,"Jean-Eric Vergne",0
2012,18,"Toro Rosso",10,"Daniel Ricciardo",0
2012,19,Caterham,0,"Vitaly Petrov",0
2012,20,Marussia,0,"Timo Glock",0
2012,21,Marussia,0,"Charles Pic",0
2012,22,Caterham,0,"Heikki Kovalainen",0
2012,23,Lotus,0,"Jerome d'Ambrosio",0
2012,24,HRT,0,"Narain Karthikeyan",0
2012,25,HRT,0,"Pedro de la Rosa",0
2013,1,"Red Bull Racing",397,"Sebastian Vettel",13
2013,2,Ferrari,242,"Fernando Alonso",2
2013,3,"Red Bull Racing",199,"Mark Webber",0
2013,4,Mercedes,189,"Lewis Hamilton",1
2013,5,Lotus,183,"Kimi Raikkonen",1
2013,6,Mercedes,171,"Nico Rosberg",2
2013,7,Lotus,132,"Romain Grosjean",0
2013,8,Ferrari,112,"Felipe Massa",0
2013,9,McLaren,73,"Jenson Button",0
2013,10,Sauber,51,"Nico Hulkenberg",0
2013,11,McLaren,49,"Sergio Perez",0
2013,12,"Force India",48,"Paul di Resta",0
2013,13,"Force India",29,"Adrian Sutil",0
2013,14,"Toro Rosso",20,"Daniel Ricciardo",0
2013,15,"Toro Rosso",13,"Jean-Eric Vergne",0
2013,16,Sauber,6,"Esteban Gutierrez ",0
2013,17,Williams,4,"Valtteri  Bottas",0
2013,18,Williams,1,"Pastor Maldonado",0
2013,19,Marussia,0,"Jules Bianchi",0
2013,20,Caterham,0,"Charles Pic",0
2013,21,Lotus,0,"Heikki Kovalainen",0
2013,22,Caterham,0,"Giedo van der Garde",0
2013,23,Marussia,0,"Max Chilton",0
2014,1,Mercedes,384,"Lewis Hamilton",11
2014,2,Mercedes,317,"Nico Rosberg",5
2014,3,"Red Bull Racing",238,"Daniel Ricciardo",3
2014,4,Williams,186,"Valtteri  Bottas",0
2014,5,"Red Bull Racing",167,"Sebastian Vettel",0
2014,6,Ferrari,161,"Fernando Alonso",0
2014,7,Williams,134,"Felipe Massa",0
2014,8,McLaren,126,"Jenson Button",0
2014,9,"Force India",96,"Nico Hulkenberg",0
2014,10,"Force India",59,"Sergio Perez",0
2014,11,McLaren,55,"Kevin Magnussen",0
2014,12,Ferrari,55,"Kimi Raikkonen",0
2014,13,"Toro Rosso",22,"Jean-Eric Vergne",0
2014,14,Lotus,8,"Romain Grosjean",0
2014,15,"Toro Rosso",8,"Daniil Kvyat",0
2014,16,Lotus,2,"Pastor Maldonado",0
2014,17,Marussia,2,"Jules Bianchi",0
2014,18,Sauber,0,"Adrian Sutil",0
2014,19,Caterham,0,"Marcus Ericsson",0
2014,20,Sauber,0,"Esteban Gutierrez ",0
2014,21,Marussia,0,"Max Chilton",0
2014,22,Caterham,0,"Kamui Kobayashi",0
2014,23,Caterham,0,"Will Stevens",0
2015,1,Mercedes,381,"Lewis Hamilton",10
2015,2,Mercedes,322,"Nico Rosberg",6
2015,3,Ferrari,278,"Sebastian Vettel",3
2015,4,Ferrari,150,"Kimi Raikkonen",0
2015,5,Williams,136,"Valtteri  Bottas",0
2015,6,Williams,121,"Felipe Massa",0
2015,7,"Red Bull Racing",95,"Daniil Kvyat",0
2015,8,"Red Bull Racing",92,"Daniel Ricciardo",0
2015,9,"Force India",78,"Sergio Perez",0
2015,10,"Force India",58,"Nico Hulkenberg",0
2015,11,Lotus,51,"Romain Grosjean",0
2015,12,"Toro Rosso",49,"Max Verstappen",0
2015,13,Sauber,27,"Felipe Nasr",0
2015,14,Lotus,27,"Pastor Maldonado",0
2015,15,"Toro Rosso",18,"Carlos Sainz",0
2015,16,McLaren,16,"Jenson Button",0
2015,17,McLaren,11,"Fernando Alonso",0
2015,18,Sauber,9,"Marcus Ericsson",0
2015,19,Marussia,0,"Roberto Merhi",0
2015,20,Marussia,0,"Alexander Rossi",0
2015,21,Marussia,0,"Will Stevens",0
2016,1,Mercedes,385,"Nico Rosberg",9
2016,2,Mercedes,380,"Lewis Hamilton",10
2016,3,"Red Bull Racing",256,"Daniel Ricciardo",1
2016,4,Ferrari,212,"Sebastian Vettel",0
2016,5,"Red Bull Racing",204,"Max Verstappen",1
2016,6,Ferrari,186,"Kimi Raikkonen",0
2016,7,"Force India",101,"Sergio Perez",0
2016,8,Williams,85,"Valtteri  Bottas",0
2016,9,"Force India",72,"Nico Hulkenberg",0
2016,10,McLaren,54,"Fernando Alonso",0
2016,11,Williams,53,"Felipe Massa",0
2016,12,"Toro Rosso",46,"Carlos Sainz",0
2016,13,Haas,29,"Romain Grosjean",0
2016,14,"Toro Rosso",25,"Daniil Kvyat",0
2016,15,McLaren,21,"Jenson Button",0
2016,16,Renault,7,"Kevin Magnussen",0
2016,17,Sauber,2,"Felipe Nasr",0
2016,18,Renault,1,"Jolyon Palmer",0
2016,19,MRT,1,"Pascal Wehrlein",0
2016,20,McLaren,1,"Stoffel Vandoorne",0
2016,21,Haas,0,"Esteban Gutierrez ",0
2016,22,Sauber,0,"Marcus Ericsson",0
2016,23,MRT,0,"Esteban Ocon",0
2016,24,MRT,0,"Rio Haryanto",0
2017,1,Mercedes,363,"Lewis Hamilton",9
2017,2,Ferrari,317,"Sebastian Vettel",5
2017,3,Mercedes,305,"Valtteri  Bottas",3
2017,4,Ferrari,205,"Kimi Raikkonen",0
2017,5,"Red Bull Racing",200,"Daniel Ricciardo",1
2017,6,"Red Bull Racing",168,"Max Verstappen",2
2017,7,"Force India",100,"Sergio Perez",0
2017,8,"Force India",87,"Esteban Ocon",0
2017,9,Renault,54,"Carlos Sainz",0
2017,10,Renault,43,"Nico Hulkenberg",0
2017,11,Williams,43,"Felipe Massa",0
2017,12,Williams,40,"Lance Stroll",0
2017,13,Haas,28,"Romain Grosjean",0
2017,14,Haas,19,"Kevin Magnussen",0
2017,15,McLaren,17,"Fernando Alonso",0
2017,16,McLaren,13,"Stoffel Vandoorne",0
2017,17,Renault,8,"Jolyon Palmer",0
2017,18,Sauber,5,"Pascal Wehrlein",0
2017,19,"Toro Rosso",5,"Daniil Kvyat",0
2017,20,Sauber,0,"Marcus Ericsson",0
2017,21,"Toro Rosso",0,"Pierre Gasly",0
2017,22,Sauber,0,"Antonio Giovinazzi",0
2017,23,"Toro Rosso",0,"Brendon Hartley",0
2018,1,Mercedes,408,"Lewis Hamilton",11
2018,2,Ferrari,320,"Sebastian Vettel",5
2018,3,Ferrari,251,"Kimi Raikkonen",1
2018,4,"Red Bull Racing",249,"Max Verstappen",2
2018,5,Mercedes,247,"Valtteri Bottas",0
2018,6,"Red Bull Racing",170,"Daniel Ricciardo",2
2018,7,Renault,69,"Nico Hulkenberg",0
2018,8,"Force India",62,"Sergio Perez",0
2018,9,Haas,56,"Kevin Magnussen",0
2018,10,Renault,53,"Carlos Sainz",0
2018,11,McLaren,50,"Fernando Alonso",0
2018,12,"Force India",49,"Esteban Ocon",0
2018,13,Sauber,39,"Charles Leclerc",0
2018,14,Haas,37,"Romain Grosjean",0
2018,15,"Toro Rosso",29,"Pierre Gasly",0
2018,16,McLaren,12,"Stoffel Vandoorne",0
2018,17,Sauber,9,"Marcus Ericsson",0
2018,18,Williams,6,"Lance Stroll",0
2018,19,"Toro Rosso",4,"Brendon Hartley",0
2018,20,Williams,1,"Sergey Sirotkin",0
2019,1,Mercedes,413,"Lewis Hamilton",11
2019,2,Mercedes,326,"Valtteri Bottas",4
2019,3,"Red Bull Racing",278,"Max Verstappen",3
2019,4,Ferrari,264,"Charles Leclerc",2
2019,5,Ferrari,240,"Sebastian Vettel",1
2019,6,McLaren,96,"Carlos Sainz",0
2019,7,"Toro Rosso",95,"Pierre Gasly",0
2019,8,"Red Bull Racing",92,"Alexander Albon",0
2019,9,Renault,54,"Daniel Ricciardo",0
2019,10,"Racing Point BWT",52,"Sergio Perez",0
2019,11,McLaren,49,"Lando Norris",0
2019,12,"Alfa Romeo",43,"Kimi Raikkonen",0
2019,13,"Toro Rosso",37,"Daniil Kvyat",0
2019,14,Renault,37,"Nico Hulkenberg",0
2019,15,"Racing Point BWT",21,"Lance Stroll",0
2019,16,Haas,20,"Kevin Magnussen",0
2019,17,"Alfa Romeo",14,"Antonio Giovinazzi",0
2019,18,Haas,8,"Romain Grosjean",0
2019,19,Williams,1,"Robert Kubica",0
2019,20,Williams,0,"George Russell",0
2020,1,Mercedes,347,"Lewis Hamilton",11
2020,2,Mercedes,223,"Valtteri Bottas",2
2020,3,"Red Bull Racing",214,"Max Verstappen",2
2020,4,"Racing Point BWT",125,"Sergio Perez",1
2020,5,Renault,119,"Daniel Ricciardo",0
2020,6,McLaren,105,"Carlos Sainz",0
2020,7,"Red Bull Racing",105,"Alexander Albon",0
2020,8,Ferrari,98,"Charles Leclerc",0
2020,9,McLaren,97,"Lando Norris",0
2020,10,AlphaTauri,75,"Pierre Gasly",1
2020,11,"Racing Point BWT",75,"Lance Stroll",0
2020,12,Renault,62,"Esteban Ocon",0
2020,13,Ferrari,33,"Sebastian Vettel",0
2020,14,AlphaTauri,32,"Daniil Kvyat",0
2020,15,"Racing Point BWT",10,"Nico Hulkenberg",0
2020,16,"Alfa Romeo",4,"Kimi Raikkonen",0
2020,17,"Alfa Romeo",4,"Antonio Giovinazzi",0
2020,18,Williams,3,"George Russell",0
2020,19,Haas,2,"Romain Grosjean",0
2020,20,Haas,1,"Kevin Magnussen",0
2020,21,Williams,0,"Nicholas Latifi",0
2020,22,Williams,0,"Jack Aitken",0
2020,23,Haas,0,"Pietro Fittipaldi",0
2021,1,"Red Bull Racing",396,"Max Verstappen",10
2021,2,Mercedes,388,"Lewis Hamilton",8
2021,3,Mercedes,226,"Valtteri Bottas",1
2021,4,"Red Bull Racing",190,"Sergio Perez",1
2021,5,Ferrari,165,"Carlos Sainz",0
2021,6,McLaren,160,"Lando Norris",0
2021,7,Ferrari,159,"Charles Leclerc",0
2021,8,McLaren,115,"Daniel Ricciardo",1
2021,9,AlphaTauri,110,"Pierre Gasly",0
2021,10,Alpine,81,"Fernando Alonso",0
2021,11,Alpine,74,"Esteban Ocon",1
2021,12,"Aston Martin",43,"Sebastian Vettel",0
2021,13,"Aston Martin",34,"Lance Stroll",0
2021,14,AlphaTauri,32,"Yuki Tsunoda",0
2021,15,Williams,16,"George Russell",0
2021,16,"Alfa Romeo",10,"Kimi Raikkonen",0
2021,17,Williams,7,"Nicholas Latifi",0
2021,18,"Alfa Romeo",3,"Antonio Giovinazzi",0
2021,19,Haas,0,"Mick Schumacher",0
2021,20,"Alfa Romeo",0,"Robert Kubica",0
2021,21,Haas,0,"Nikita Mazepin",0
2022,1,"Red Bull Racing",454,"Max Verstappen",15
2022,2,Ferrari,308,"Charles Leclerc",3
2022,3,"Red Bull Racing",305,"Sergio Perez",2
2022,4,Mercedes,275,"George Russell",1
2022,5,Ferrari,246,"Carlos Sainz",1
2022,6,Mercedes,240,"Lewis Hamilton",0
2022,7,McLaren,122,"Lando Norris",0
2022,8,Alpine,92,"Esteban Ocon",0
2022,9,Alpine,81,"Fernando Alonso",0
2022,10,"Alfa Romeo",49,"Valtteri Bottas",0
2022,11,McLaren,37,"Daniel Ricciardo",0
2022,12,"Aston Martin",37,"Sebastian Vettel",0
2022,13,Haas,25,"Kevin Magnussen",0
2022,14,AlphaTauri,23,"Pierre Gasly",0
2022,15,"Aston Martin",18,"Lance Stroll",0
2022,16,Haas,12,"Mick Schumacher",0
2022,17,AlphaTauri,12,"Yuki Tsunoda",0
2022,18,"Alfa Romeo",6,"Zhou Guanyu",0
2022,19,Williams,4,"Alexander Albon",0
2022,20,Williams,2,"Nicholas Latifi",0
2022,21,Williams,2,"Nyck De Vries",0
2022,22,"Aston Martin",0,"Nico Hulkenberg",0
2023,1,"Red Bull Racing",575,"Max Verstappen",19
2023,2,"Red Bull Racing",285,"Sergio Perez",2
2023,3,Mercedes,234,"Lewis Hamilton",0
2023,4,"Aston Martin",206,"Fernando Alonso",0
2023,5,Ferrari,206,"Charles Leclerc",0
2023,6,McLaren,205,"Lando Norris",0
2023,7,Ferrari,200,"Carlos Sainz",1
2023,8,Mercedes,175,"George Russell",0
2023,9,McLaren,97,"Oscar Piastri",0
2023,10,"Aston Martin",74,"Lance Stroll",0
2023,11,Alpine,62,"Pierre Gasly",0
2023,12,Alpine,58,"Esteban Ocon",0
2023,13,Williams,27,"Alexander Albon",0
2023,14,AlphaTauri,17,"Yuki Tsunoda",0
2023,15,"Alfa Romeo",10,"Valtteri Bottas",0
2023,16,Haas,9,"Nico Hulkenberg",0
2023,17,AlphaTauri,6,"Daniel Ricciardo",0
2023,18,"Alfa Romeo",6,"Zhou Guanyu",0
2023,19,Haas,3,"Kevin Magnussen",0
2023,20,AlphaTauri,2,"Liam Lawson",0
2023,21,Williams,1,"Logan Sargeant",0
2023,22,AlphaTauri,0,"Nyck De Vries",0
