Year,Grand Prix,Date,Winner,Car,Laps,Time
1950,Great Britain,13-May-50,Nino Farina FAR,Alfa Romeo,70,13:23.6
1950,Monaco,21-May-50,Juan Manuel Fangio FAN,Alfa Romeo,100,13:18.7
1950,Indianapolis 500,30-May-50,Johnnie  Parsons PAR,Kurtis Kraft Offenhauser,138,46:56.0
1950,Switzerland,4-Jun-50,Nino Farina FAR,Alfa Romeo,42,02:53.7
1950,Belgium,18-Jun-50,Juan Manuel Fangio FAN,Alfa Romeo,35,47:26.0
1950,France,2-Jul-50,Juan Manuel Fangio FAN,Alfa Romeo,64,57:52.8
1950,Italy,3-Sep-50,Nino Farina FAR,Alfa Romeo,80,51:17.4
1951,Switzerland,27-May-51,Juan Manuel Fangio FAN,Alfa Romeo,42,07:53.6
1951,Indianapolis 500,30-May-51,Lee Wallard WAL,Kurtis Kraft Offenhauser,200,57:38.0
1951,Belgium,17-Jun-51,Nino Farina FAR,Alfa Romeo,36,45:46.2
1951,France,1-Jul-51,Juan Manuel Fangio FAN,Alfa Romeo,77,22:11.0
1951,France,1-Jul-51,Luigi Fagioli FAG,Alfa Romeo,null,
1951,Great Britain,14-Jul-51,Jose Froilan Gonzalez GON,Ferrari,90,42:18.2
1951,Germany,29-Jul-51,Alberto Ascari ASC,Ferrari,20,23:03.3
1951,Italy,16-Sep-51,Alberto Ascari ASC,Ferrari,80,42:39.3
1951,Spain,28-Oct-51,Juan Manuel Fangio FAN,Alfa Romeo,70,46:54.1
1952,Switzerland,18-May-52,Piero  Taruffi TAR,Ferrari,62,01:46.1
1952,Indianapolis 500,30-May-52,Troy Ruttman RUT,Kuzma Offenhauser,200,52:41.9
1952,Belgium,22-Jun-52,Alberto Ascari ASC,Ferrari,36,03:46.3
1952,France,6-Jul-52,Alberto Ascari ASC,Ferrari,77,00:00.0
1952,Great Britain,19-Jul-52,Alberto Ascari ASC,Ferrari,85,44:11.0
1952,Germany,3-Aug-52,Alberto Ascari ASC,Ferrari,18,06:13.3
1952,Netherlands,17-Aug-52,Alberto Ascari ASC,Ferrari,90,53:28.5
1952,Italy,7-Sep-52,Alberto Ascari ASC,Ferrari,80,50:45.6
1953,Argentina,18-Jan-53,Alberto Ascari ASC,Ferrari,97,01:04.6
1953,Indianapolis 500,30-May-53,Bill  Vukovich  VUK,Kurtis Kraft Offenhauser,200,53:01.7
1953,Netherlands,7-Jun-53,Alberto Ascari ASC,Ferrari,90,53:35.8
1953,Belgium,21-Jun-53,Alberto Ascari ASC,Ferrari,36,48:30.3
1953,France,5-Jul-53,Mike Hawthorn HAW,Ferrari,60,44:18.6
1953,Great Britain,18-Jul-53,Alberto Ascari ASC,Ferrari,90,50:00.0
1953,Germany,2-Aug-53,Nino Farina FAR,Ferrari,18,02:25.0
1953,Switzerland,23-Aug-53,Alberto Ascari ASC,Ferrari,65,01:34.4
1953,Italy,13-Sep-53,Juan Manuel Fangio FAN,Maserati,80,49:45.9
1954,Argentina,17-Jan-54,Juan Manuel Fangio FAN,Maserati,87,00:55.8
1954,Indianapolis 500,31-May-54,Bill  Vukovich  VUK,Kurtis Kraft Offenhauser,200,49:17.3
1954,Belgium,20-Jun-54,Juan Manuel Fangio FAN,Maserati,36,44:42.4
1954,France,4-Jul-54,Juan Manuel Fangio FAN,Mercedes-Benz,61,42:47.9
1954,Great Britain,17-Jul-54,Jose Froilan Gonzalez GON,Ferrari,90,56:14.0
1954,Germany,1-Aug-54,Juan Manuel Fangio FAN,Mercedes-Benz,22,45:45.8
1954,Switzerland,22-Aug-54,Juan Manuel Fangio FAN,Mercedes-Benz,66,00:34.5
1954,Italy,5-Sep-54,Juan Manuel Fangio FAN,Mercedes-Benz,80,47:47.9
1954,Spain,24-Oct-54,Mike Hawthorn HAW,Ferrari,80,13:52.1
1955,Argentina,16-Jan-55,Juan Manuel Fangio FAN,Mercedes-Benz,96,00:38.6
1955,Monaco,22-May-55,Maurice  Trintignant TRI,Ferrari,100,58:09.7
1955,Indianapolis 500,30-May-55,Bob Sweikert SWE,Kurtis Kraft Offenhauser,200,53:59.5
1955,Belgium,5-Jun-55,Juan Manuel Fangio FAN,Mercedes-Benz,36,39:29.0
1955,Netherlands,19-Jun-55,Juan Manuel Fangio FAN,Mercedes-Benz,100,54:23.8
1955,Great Britain,16-Jul-55,Stirling Moss MOS,Mercedes-Benz,90,07:21.2
1955,Italy,11-Sep-55,Juan Manuel Fangio FAN,Mercedes-Benz,50,25:04.4
1956,Argentina,22-Jan-56,Luigi Musso MUS,Ferrari,null,
1956,Argentina,22-Jan-56,Juan Manuel Fangio FAN,Ferrari,98,00:03.7
1956,Monaco,13-May-56,Stirling Moss MOS,Maserati,100,00:32.9
1956,Indianapolis 500,30-May-56,Pat Flaherty FLA,Watson Offenhauser,200,53:28.8
1956,Belgium,3-Jun-56,Peter Collins COL,Ferrari,36,40:00.3
1956,France,1-Jul-56,Peter Collins COL,Ferrari,61,34:23.4
1956,Great Britain,14-Jul-56,Juan Manuel Fangio FAN,Ferrari,101,59:47.0
1956,Germany,5-Aug-56,Juan Manuel Fangio FAN,Ferrari,22,38:43.7
1956,Italy,2-Sep-56,Stirling Moss MOS,Maserati,50,23:41.3
1957,Argentina,13-Jan-57,Juan Manuel Fangio FAN,Maserati,100,00:55.9
1957,Monaco,19-May-57,Juan Manuel Fangio FAN,Maserati,105,10:12.8
1957,Indianapolis 500,30-May-57,Sam Hanks HAN,Epperly Offenhauser,200,41:14.3
1957,France,7-Jul-57,Juan Manuel Fangio FAN,Maserati,77,07:46.4
1957,Great Britain,20-Jul-57,Stirling Moss MOS,Vanwall,90,06:37.8
1957,Great Britain,20-Jul-57,Tony Brooks BRO,Vanwall,null,
1957,Germany,4-Aug-57,Juan Manuel Fangio FAN,Maserati,22,30:38.3
1957,Pescara,18-Aug-57,Stirling Moss MOS,Vanwall,18,59:22.7
1957,Italy,8-Sep-57,Stirling Moss MOS,Vanwall,87,35:03.9
1958,Argentina,19-Jan-58,Stirling Moss MOS,Cooper Climax,80,19:33.7
1958,Monaco,18-May-58,Maurice  Trintignant TRI,Cooper Climax,100,52:27.9
1958,Netherlands,26-May-58,Stirling Moss MOS,Vanwall,75,04:49.2
1958,Indianapolis 500,30-May-58,Jimmy Bryan BRY,Epperly Offenhauser,200,44:13.8
1958,Belgium,15-Jun-58,Tony Brooks BRO,Vanwall,24,37:06.3
1958,France,6-Jul-58,Mike Hawthorn HAW,Ferrari,50,03:21.3
1958,Great Britain,19-Jul-58,Peter Collins COL,Ferrari,75,09:04.2
1958,Germany,3-Aug-58,Tony Brooks BRO,Vanwall,15,21:15.0
1958,Portugal,24-Aug-58,Stirling Moss MOS,Vanwall,50,11:27.8
1958,Italy,7-Sep-58,Tony Brooks BRO,Vanwall,70,03:47.8
1958,Morocco,19-Oct-58,Stirling Moss MOS,Vanwall,53,09:15.1
1959,Monaco,10-May-59,Jack Brabham BRA,Cooper Climax,100,55:51.3
1959,Indianapolis 500,30-May-59,Rodger Ward WAR,Watson Offenhauser,200,40:49.2
1959,Netherlands,31-May-59,Jo Bonnier BON,BRM,75,05:26.8
1959,France,5-Jul-59,Tony Brooks BRO,Ferrari,50,01:26.5
1959,Great Britain,18-Jul-59,Jack Brabham BRA,Cooper Climax,75,30:11.6
1959,Germany,2-Aug-59,Tony Brooks BRO,Ferrari,60,09:31.6
1959,Portugal,23-Aug-59,Stirling Moss MOS,Cooper Climax,62,11:55.4
1959,Italy,13-Sep-59,Stirling Moss MOS,Cooper Climax,72,04:05.4
1959,United States,12-Dec-59,Bruce McLaren MCL,Cooper Climax,42,12:35.7
1960,Argentina,7-Feb-60,Bruce McLaren MCL,Cooper Climax,80,17:49.5
1960,Monaco,29-May-60,Stirling Moss MOS,Lotus Climax,100,53:45.5
1960,Indianapolis 500,30-May-60,Jim Rathmann RAT,Watson Offenhauser,200,36:11.4
1960,Netherlands,6-Jun-60,Jack Brabham BRA,Cooper Climax,75,01:47.2
1960,Belgium,19-Jun-60,Jack Brabham BRA,Cooper Climax,36,21:37.3
1960,France,3-Jul-60,Jack Brabham BRA,Cooper Climax,50,57:24.9
1960,Great Britain,16-Jul-60,Jack Brabham BRA,Cooper Climax,77,04:24.6
1960,Portugal,14-Aug-60,Jack Brabham BRA,Cooper Climax,55,19:00.0
1960,Italy,4-Sep-60,Phil Hill HIL,Ferrari,50,21:09.2
1960,United States,20-Nov-60,Stirling Moss MOS,Lotus Climax,75,28:52.2
1961,Monaco,14-May-61,Stirling Moss MOS,Lotus Climax,100,45:50.1
1961,Netherlands,22-May-61,Wolfgang von Trips VON,Ferrari,75,01:52.1
1961,Belgium,18-Jun-61,Phil Hill HIL,Ferrari,30,03:03.8
1961,France,2-Jul-61,Giancarlo Baghetti BAG,Ferrari,52,14:17.5
1961,Great Britain,15-Jul-61,Wolfgang von Trips VON,Ferrari,75,40:53.6
1961,Germany,6-Aug-61,Stirling Moss MOS,Lotus Climax,15,18:12.4
1961,Italy,10-Sep-61,Phil Hill HIL,Ferrari,43,03:13.0
1961,United States,8-Oct-61,Innes Ireland IRE,Lotus Climax,100,13:45.8
1962,Netherlands,20-May-62,Graham Hill HIL,BRM,80,11:02.1
1962,Monaco,3-Jun-62,Bruce McLaren MCL,Cooper Climax,100,46:29.7
1962,Belgium,17-Jun-62,Jim Clark CLA,Lotus Climax,32,07:32.3
1962,France,8-Jul-62,Dan Gurney GUR,Porsche,54,07:35.5
1962,Great Britain,21-Jul-62,Jim Clark CLA,Lotus Climax,75,26:20.8
1962,Germany,5-Aug-62,Graham Hill HIL,BRM,15,38:45.3
1962,Italy,16-Sep-62,Graham Hill HIL,BRM,86,29:08.4
1962,United States,7-Oct-62,Jim Clark CLA,Lotus Climax,100,07:13.0
1962,South Africa,29-Dec-62,Graham Hill HIL,BRM,82,08:03.3
1963,Monaco,26-May-63,Graham Hill HIL,BRM,100,41:49.7
1963,Belgium,9-Jun-63,Jim Clark CLA,Lotus Climax,32,27:47.6
1963,Netherlands,23-Jun-63,Jim Clark CLA,Lotus Climax,80,08:13.7
1963,France,30-Jun-63,Jim Clark CLA,Lotus Climax,53,10:54.3
1963,Great Britain,20-Jul-63,Jim Clark CLA,Lotus Climax,82,14:09.6
1963,Germany,4-Aug-63,John Surtees SUR,Ferrari,15,13:06.8
1963,Italy,8-Sep-63,Jim Clark CLA,Lotus Climax,86,24:19.6
1963,United States,6-Oct-63,Graham Hill HIL,BRM,110,19:22.1
1963,Mexico,27-Oct-63,Jim Clark CLA,Lotus Climax,65,09:52.1
1963,South Africa,28-Dec-63,Jim Clark CLA,Lotus Climax,85,10:36.9
1964,Monaco,10-May-64,Graham Hill HIL,BRM,100,41:19.5
1964,Netherlands,24-May-64,Jim Clark CLA,Lotus Climax,80,07:35.4
1964,Belgium,14-Jun-64,Jim Clark CLA,Lotus Climax,32,06:40.5
1964,France,28-Jun-64,Dan Gurney GUR,Brabham Climax,57,07:49.1
1964,Great Britain,11-Jul-64,Jim Clark CLA,Lotus Climax,80,15:07.0
1964,Germany,2-Aug-64,John Surtees SUR,Ferrari,15,12:04.8
1964,Austria,23-Aug-64,Lorenzo Bandini BAN,Ferrari,105,06:18.2
1964,Italy,6-Sep-64,John Surtees SUR,Ferrari,78,10:51.8
1964,United States,4-Oct-64,Graham Hill HIL,BRM,110,16:38.0
1964,Mexico,25-Oct-64,Dan Gurney GUR,Brabham Climax,65,09:50.3
1965,South Africa,1-Jan-65,Jim Clark CLA,Lotus Climax,85,06:46.0
1965,Monaco,30-May-65,Graham Hill HIL,BRM,100,37:39.6
1965,Belgium,13-Jun-65,Jim Clark CLA,Lotus Climax,32,23:34.8
1965,France,27-Jun-65,Jim Clark CLA,Lotus Climax,40,14:38.4
1965,Great Britain,10-Jul-65,Jim Clark CLA,Lotus Climax,80,05:25.4
1965,Netherlands,18-Jul-65,Jim Clark CLA,Lotus Climax,80,03:59.1
1965,Germany,1-Aug-65,Jim Clark CLA,Lotus Climax,15,07:52.4
1965,Italy,12-Sep-65,Jackie Stewart STE,BRM,76,04:52.8
1965,United States,3-Oct-65,Graham Hill HIL,BRM,110,20:36.1
1965,Mexico,24-Oct-65,Richie Ginther GIN,Honda,65,08:32.1
1966,Monaco,22-May-66,Jackie Stewart STE,BRM,100,33:10.5
1966,Belgium,12-Jun-66,John Surtees SUR,Ferrari,28,09:11.3
1966,France,3-Jul-66,Jack Brabham BRA,Brabham Repco,48,48:31.3
1966,Great Britain,16-Jul-66,Jack Brabham BRA,Brabham Repco,80,13:13.4
1966,Netherlands,24-Jul-66,Jack Brabham BRA,Brabham Repco,90,20:32.5
1966,Germany,7-Aug-66,Jack Brabham BRA,Brabham Repco,15,27:03.0
1966,Italy,4-Sep-66,Ludovico Scarfiotti SCA,Ferrari,68,47:14.8
1966,United States,2-Oct-66,Jim Clark CLA,Lotus BRM,108,09:40.1
1966,Mexico,23-Oct-66,John Surtees SUR,Cooper Maserati,65,06:35.3
1967,South Africa,2-Jan-67,Pedro Rodriguez ROD,Cooper Maserati,80,05:45.9
1967,Monaco,7-May-67,Denny Hulme HUL,Brabham Repco,100,34:34.3
1967,Netherlands,4-Jun-67,Jim Clark CLA,Lotus Ford,90,14:45.1
1967,Belgium,18-Jun-67,Dan Gurney GUR,Eagle Weslake,28,40:49.4
1967,France,2-Jul-67,Jack Brabham BRA,Brabham Repco,80,13:21.3
1967,Great Britain,15-Jul-67,Jim Clark CLA,Lotus Ford,80,59:25.6
1967,Germany,6-Aug-67,Denny Hulme HUL,Brabham Repco,15,05:55.7
1967,Canada,27-Aug-67,Jack Brabham BRA,Brabham Repco,90,40:40.0
1967,Italy,10-Sep-67,John Surtees SUR,Honda,68,43:45.0
1967,United States,1-Oct-67,Jim Clark CLA,Lotus Ford,108,03:13.2
1967,Mexico,22-Oct-67,Jim Clark CLA,Lotus Ford,65,59:28.7
1968,South Africa,1-Jan-68,Jim Clark CLA,Lotus Ford,80,53:56.6
1968,Spain,12-May-68,Graham Hill HIL,Lotus Ford,90,15:20.1
1968,Monaco,26-May-68,Graham Hill HIL,Lotus Ford,80,00:32.3
1968,Belgium,9-Jun-68,Bruce McLaren MCL,McLaren Ford,28,40:02.1
1968,Netherlands,23-Jun-68,Jackie Stewart STE,Matra Ford,90,46:11.3
1968,France,7-Jul-68,Jacky Ickx ICK,Ferrari,60,25:40.9
1968,Great Britain,20-Jul-68,Jo Siffert SIF,Lotus Ford,80,01:20.3
1968,Germany,4-Aug-68,Jackie Stewart STE,Matra Ford,14,19:03.2
1968,Italy,8-Sep-68,Denny Hulme HUL,McLaren Ford,68,40:14.8
1968,Canada,22-Sep-68,Denny Hulme HUL,McLaren Ford,90,27:11.2
1968,United States,6-Oct-68,Jackie Stewart STE,Matra Ford,108,59:20.3
1968,Mexico,3-Nov-68,Graham Hill HIL,Lotus Ford,65,56:44.0
1969,South Africa,1-Mar-69,Jackie Stewart STE,Matra Ford,80,50:39.1
1969,Spain,4-May-69,Jackie Stewart STE,Matra Ford,90,16:54.0
1969,Monaco,18-May-69,Graham Hill HIL,Lotus Ford,80,56:59.4
1969,Netherlands,21-Jun-69,Jackie Stewart STE,Matra Ford,90,06:42.1
1969,France,6-Jul-69,Jackie Stewart STE,Matra Ford,38,56:47.4
1969,Great Britain,19-Jul-69,Jackie Stewart STE,Matra Ford,84,55:55.6
1969,Germany,3-Aug-69,Jacky Ickx ICK,Brabham Ford,14,49:55.4
1969,Italy,7-Sep-69,Jackie Stewart STE,Matra Ford,68,39:11.3
1969,Canada,20-Sep-69,Jacky Ickx ICK,Brabham Ford,90,59:25.7
1969,United States,5-Oct-69,Jochen Rindt RIN,Lotus Ford,108,57:56.8
1969,Mexico,19-Oct-69,Denny Hulme HUL,McLaren Ford,65,54:08.8
1970,South Africa,7-Mar-70,Jack Brabham BRA,Brabham Ford,80,49:34.6
1970,Spain,19-Apr-70,Jackie Stewart STE,March Ford,90,10:58.2
1970,Monaco,10-May-70,Jochen Rindt RIN,Lotus Ford,80,54:36.6
1970,Belgium,7-Jun-70,Pedro Rodriguez ROD,BRM,28,38:09.9
1970,Netherlands,21-Jun-70,Jochen Rindt RIN,Lotus Ford,80,50:43.4
1970,France,5-Jul-70,Jochen Rindt RIN,Lotus Ford,38,55:57.0
1970,Great Britain,18-Jul-70,Jochen Rindt RIN,Lotus Ford,80,57:02.0
1970,Germany,2-Aug-70,Jochen Rindt RIN,Lotus Ford,50,42:00.3
1970,Austria,16-Aug-70,Jacky Ickx ICK,Ferrari,60,42:17.3
1970,Italy,6-Sep-70,Clay Regazzoni REG,Ferrari,68,39:06.9
1970,Canada,20-Sep-70,Jacky Ickx ICK,Ferrari,90,21:18.4
1970,United States,4-Oct-70,Emerson Fittipaldi FIT,Lotus Ford,108,57:32.8
1970,Mexico,25-Oct-70,Jacky Ickx ICK,Ferrari,65,53:28.4
1971,South Africa,6-Mar-71,Mario Andretti AND,Ferrari,79,47:35.5
1971,Spain,18-Apr-71,Jackie Stewart STE,Tyrrell Ford,75,49:03.4
1971,Monaco,23-May-71,Jackie Stewart STE,Tyrrell Ford,80,52:21.3
1971,Netherlands,20-Jun-71,Jacky Ickx ICK,Ferrari,70,56:20.1
1971,France,4-Jul-71,Jackie Stewart STE,Tyrrell Ford,55,46:41.7
1971,Great Britain,17-Jul-71,Jackie Stewart STE,Tyrrell Ford,68,31:31.5
1971,Germany,1-Aug-71,Jackie Stewart STE,Tyrrell Ford,12,29:15.7
1971,Austria,15-Aug-71,Jo Siffert SIF,BRM,54,30:23.9
1971,Italy,5-Sep-71,Peter  Gethin  GET,BRM,55,18:12.6
1971,Canada,19-Sep-71,Jackie Stewart STE,Tyrrell Ford,64,55:12.9
1971,United States,3-Oct-71,Francois  Cevert  CEV,Tyrrell Ford,59,43:52.0
1972,Argentina,23-Jan-72,Jackie Stewart STE,Tyrrell Ford,95,57:58.8
1972,South Africa,4-Mar-72,Denny Hulme HUL,McLaren Ford,79,45:49.1
1972,Spain,1-May-72,Emerson Fittipaldi FIT,Lotus Ford,90,03:41.2
1972,Monaco,14-May-72,Jean-Pierre Beltoise BEL,BRM,80,26:54.7
1972,Belgium,4-Jun-72,Emerson Fittipaldi FIT,Lotus Ford,85,44:06.7
1972,France,2-Jul-72,Jackie Stewart STE,Tyrrell Ford,38,52:21.5
1972,Great Britain,15-Jul-72,Emerson Fittipaldi FIT,Lotus Ford,76,47:50.2
1972,Germany,30-Jul-72,Jacky Ickx ICK,Ferrari,14,42:12.3
1972,Austria,13-Aug-72,Emerson Fittipaldi FIT,Lotus Ford,54,29:16.7
1972,Italy,10-Sep-72,Emerson Fittipaldi FIT,Lotus Ford,55,29:58.4
1972,Canada,24-Sep-72,Jackie Stewart STE,Tyrrell Ford,80,43:16.9
1972,United States,8-Oct-72,Jackie Stewart STE,Tyrrell Ford,59,41:45.4
1973,Argentina,28-Jan-73,Emerson Fittipaldi FIT,Lotus Ford,96,56:18.2
1973,Brazil,11-Feb-73,Emerson Fittipaldi FIT,Lotus Ford,40,43:55.6
1973,South Africa,3-Mar-73,Jackie Stewart STE,Tyrrell Ford,79,43:11.1
1973,Spain,29-Apr-73,Emerson Fittipaldi FIT,Lotus Ford,75,48:18.7
1973,Belgium,20-May-73,Jackie Stewart STE,Tyrrell Ford,70,42:13.4
1973,Monaco,3-Jun-73,Jackie Stewart STE,Tyrrell Ford,78,57:44.3
1973,Sweden,17-Jun-73,Denny Hulme HUL,McLaren Ford,80,56:46.0
1973,France,1-Jul-73,Ronnie Peterson PET,Lotus Ford,54,41:36.5
1973,Great Britain,14-Jul-73,Peter   Revson REV,McLaren Ford,67,29:18.5
1973,Netherlands,29-Jul-73,Jackie Stewart STE,Tyrrell Ford,72,39:12.5
1973,Germany,5-Aug-73,Jackie Stewart STE,Tyrrell Ford,14,42:03.0
1973,Austria,19-Aug-73,Ronnie Peterson PET,Lotus Ford,54,28:48.8
1973,Italy,9-Sep-73,Ronnie Peterson PET,Lotus Ford,55,29:17.0
1973,Canada,23-Sep-73,Peter   Revson REV,McLaren Ford,80,59:04.1
1973,United States,7-Oct-73,Ronnie Peterson PET,Lotus Ford,59,41:15.8
1974,Argentina,13-Jan-74,Denny Hulme HUL,McLaren Ford,53,41:02.0
1974,Brazil,27-Jan-74,Emerson Fittipaldi FIT,McLaren Ford,32,24:37.1
1974,South Africa,30-Mar-74,Carlos Reutemann REU,Brabham Ford,78,42:41.0
1974,Spain,28-Apr-74,Niki Lauda LAU,Ferrari,84,00:29.6
1974,Belgium,12-May-74,Emerson Fittipaldi FIT,McLaren Ford,85,44:20.6
1974,Monaco,26-May-74,Ronnie Peterson PET,Lotus Ford,78,58:03.7
1974,Sweden,9-Jun-74,Jody Scheckter SCH,Tyrrell Ford,80,58:31.4
1974,Netherlands,23-Jun-74,Niki Lauda LAU,Ferrari,75,43:00.4
1974,France,7-Jul-74,Ronnie Peterson PET,Lotus Ford,80,21:55.0
1974,Great Britain,20-Jul-74,Jody Scheckter SCH,Tyrrell Ford,75,43:02.2
1974,Germany,4-Aug-74,Clay Regazzoni REG,Ferrari,14,41:35.0
1974,Austria,18-Aug-74,Carlos Reutemann REU,Brabham Ford,54,28:44.7
1974,Italy,8-Sep-74,Ronnie Peterson PET,Lotus Ford,52,22:56.6
1974,Canada,22-Sep-74,Emerson Fittipaldi FIT,McLaren Ford,80,40:26.1
1974,United States,6-Oct-74,Carlos Reutemann REU,Brabham Ford,59,40:21.4
1975,Argentina,12-Jan-75,Emerson Fittipaldi FIT,McLaren Ford,53,39:26.3
1975,Brazil,26-Jan-75,Carlos Pace PAC,Brabham Ford,40,44:41.2
1975,South Africa,1-Mar-75,Jody Scheckter SCH,Tyrrell Ford,78,43:16.9
1975,Spain,27-Apr-75,Jochen Mass MAS,McLaren Ford,29,42:53.7
1975,Monaco,11-May-75,Niki Lauda LAU,Ferrari,75,01:21.3
1975,Belgium,25-May-75,Niki Lauda LAU,Ferrari,70,43:54.0
1975,Sweden,8-Jun-75,Niki Lauda LAU,Ferrari,80,59:18.3
1975,Netherlands,22-Jun-75,James Hunt HUN,Hesketh Ford,75,46:57.4
1975,France,6-Jul-75,Niki Lauda LAU,Ferrari,54,40:18.8
1975,Great Britain,19-Jul-75,Emerson Fittipaldi FIT,McLaren Ford,56,22:05.0
1975,Germany,3-Aug-75,Carlos Reutemann REU,Brabham Ford,14,41:14.1
1975,Austria,17-Aug-75,Vittorio Brambilla BRA,March Ford,29,57:56.7
1975,Italy,7-Sep-75,Clay Regazzoni REG,Ferrari,52,22:42.6
1975,United States,5-Oct-75,Niki Lauda LAU,Ferrari,59,42:58.2
1976,Brazil,25-Jan-76,Niki Lauda LAU,Ferrari,40,45:16.8
1976,South Africa,6-Mar-76,Niki Lauda LAU,Ferrari,78,42:18.4
1976,USA West,28-Mar-76,Clay Regazzoni REG,Ferrari,80,53:18.5
1976,Spain,2-May-76,James Hunt HUN,McLaren Ford,75,42:20.4
1976,Belgium,16-May-76,Niki Lauda LAU,Ferrari,70,42:53.2
1976,Monaco,30-May-76,Niki Lauda LAU,Ferrari,78,59:51.5
1976,Sweden,13-Jun-76,Jody Scheckter SCH,Tyrrell Ford,72,46:53.7
1976,France,4-Jul-76,James Hunt HUN,McLaren Ford,54,40:58.6
1976,Great Britain,18-Jul-76,Niki Lauda LAU,Ferrari,76,44:19.7
1976,Germany,1-Aug-76,James Hunt HUN,McLaren Ford,14,41:42.7
1976,Austria,15-Aug-76,John Watson WAT,Penske Ford,54,30:07.9
1976,Netherlands,29-Aug-76,James Hunt HUN,McLaren Ford,75,44:52.1
1976,Italy,12-Sep-76,Ronnie Peterson PET,March Ford,52,30:35.6
1976,Canada,3-Oct-76,James Hunt HUN,McLaren Ford,80,40:09.6
1976,USA East,10-Oct-76,James Hunt HUN,McLaren Ford,59,42:40.7
1976,Japan,24-Oct-76,Mario Andretti AND,Lotus Ford,73,43:58.9
1977,Argentina,9-Jan-77,Jody Scheckter SCH,Wolf Ford,53,40:11.2
1977,Brazil,23-Jan-77,Carlos Reutemann REU,Ferrari,40,45:07.7
1977,South Africa,5-Mar-77,Niki Lauda LAU,Ferrari,78,42:21.6
1977,USA West,3-Apr-77,Mario Andretti AND,Lotus Ford,80,51:35.5
1977,Spain,8-May-77,Mario Andretti AND,Lotus Ford,75,42:52.2
1977,Monaco,22-May-77,Jody Scheckter SCH,Wolf Ford,76,57:52.8
1977,Belgium,5-Jun-77,Gunnar Nilsson NIL,Lotus Ford,70,55:05.7
1977,Sweden,19-Jun-77,Jacques Laffite LAF,Ligier Matra,72,46:55.5
1977,France,3-Jul-77,Mario Andretti AND,Lotus Ford,80,39:40.1
1977,Great Britain,16-Jul-77,James Hunt HUN,McLaren Ford,68,31:46.1
1977,Germany,31-Jul-77,Niki Lauda LAU,Ferrari,47,31:48.6
1977,Austria,14-Aug-77,Alan  Jones JON,Shadow Ford,54,37:16.5
1977,Netherlands,28-Aug-77,Niki Lauda LAU,Ferrari,75,41:45.9
1977,Italy,11-Sep-77,Mario Andretti AND,Lotus Ford,52,27:50.3
1977,USA East,2-Oct-77,James Hunt HUN,McLaren Ford,59,58:23.3
1977,Canada,9-Oct-77,Jody Scheckter SCH,Wolf Ford,80,40:00.0
1977,Japan,23-Oct-77,James Hunt HUN,McLaren Ford,73,31:51.7
1978,Argentina,15-Jan-78,Mario Andretti AND,Lotus Ford,52,37:04.5
1978,Brazil,29-Jan-78,Carlos Reutemann REU,Ferrari,63,49:59.9
1978,South Africa,4-Mar-78,Ronnie Peterson PET,Lotus Ford,78,42:15.8
1978,USA West,2-Apr-78,Carlos Reutemann REU,Ferrari,80,52:01.3
1978,Monaco,7-May-78,Patrick Depailler DEP,Tyrrell Ford,75,55:14.7
1978,Belgium,21-May-78,Mario Andretti AND,Lotus Ford,70,39:52.0
1978,Spain,4-Jun-78,Mario Andretti AND,Lotus Ford,75,41:47.1
1978,Sweden,17-Jun-78,Niki Lauda LAU,Brabham Alfa Romeo,70,41:00.6
1978,France,2-Jul-78,Mario Andretti AND,Lotus Ford,54,38:51.9
1978,Great Britain,16-Jul-78,Carlos Reutemann REU,Ferrari,76,42:12.4
1978,Germany,30-Jul-78,Mario Andretti AND,Lotus Ford,45,28:00.9
1978,Austria,13-Aug-78,Ronnie Peterson PET,Lotus Ford,54,41:21.6
1978,Netherlands,27-Aug-78,Mario Andretti AND,Lotus Ford,75,41:04.2
1978,Italy,10-Sep-78,Niki Lauda LAU,Brabham Alfa Romeo,40,07:04.5
1978,USA East,1-Oct-78,Carlos Reutemann REU,Ferrari,59,40:48.8
1978,Canada,8-Oct-78,Gilles Villeneuve VIL,Ferrari,70,57:49.2
1979,Argentina,21-Jan-79,Jacques Laffite LAF,Ligier Ford,53,36:03.2
1979,Brazil,4-Feb-79,Jacques Laffite LAF,Ligier Ford,40,40:09.6
1979,South Africa,3-Mar-79,Gilles Villeneuve VIL,Ferrari,78,41:50.0
1979,USA West,8-Apr-79,Gilles Villeneuve VIL,Ferrari,80,50:25.4
1979,Spain,29-Apr-79,Patrick Depailler DEP,Ligier Ford,75,39:11.8
1979,Belgium,13-May-79,Jody Scheckter SCH,Ferrari,70,39:59.5
1979,Monaco,27-May-79,Jody Scheckter SCH,Ferrari,76,55:22.5
1979,France,1-Jul-79,Jean-Pierre Jabouille JAB,Renault,80,35:20.4
1979,Great Britain,14-Jul-79,Clay Regazzoni REG,Williams Ford,68,26:11.2
1979,Germany,29-Jul-79,Alan  Jones JON,Williams Ford,45,24:48.8
1979,Austria,12-Aug-79,Alan  Jones JON,Williams Ford,54,27:38.0
1979,Netherlands,26-Aug-79,Alan  Jones JON,Williams Ford,75,41:19.8
1979,Italy,9-Sep-79,Jody Scheckter SCH,Ferrari,50,22:00.2
1979,Canada,30-Sep-79,Alan  Jones JON,Williams Ford,72,52:06.9
1979,USA East,7-Oct-79,Gilles Villeneuve VIL,Ferrari,59,52:17.7
1980,Argentina,13-Jan-80,Alan  Jones JON,Williams Ford,53,43:24.4
1980,Brazil,27-Jan-80,Rene Arnoux ARN,Renault,40,40:01.3
1980,South Africa,1-Mar-80,Rene Arnoux ARN,Renault,78,36:52.5
1980,USA West,30-Mar-80,Nelson Piquet PIQ,Brabham Ford,80,50:18.6
1980,Belgium,4-May-80,Didier Pironi PIR,Ligier Ford,72,38:46.5
1980,Monaco,18-May-80,Carlos Reutemann REU,Williams Ford,76,55:34.4
1980,France,29-Jun-80,Alan  Jones JON,Williams Ford,54,32:43.4
1980,Great Britain,13-Jul-80,Alan  Jones JON,Williams Ford,76,34:49.2
1980,Germany,10-Aug-80,Jacques Laffite LAF,Ligier Ford,45,22:59.7
1980,Austria,17-Aug-80,Jean-Pierre Jabouille JAB,Renault,54,26:15.7
1980,Netherlands,31-Aug-80,Nelson Piquet PIQ,Brabham Ford,72,38:13.8
1980,Italy,14-Sep-80,Nelson Piquet PIQ,Brabham Ford,60,38:07.5
1980,Canada,28-Sep-80,Alan  Jones JON,Williams Ford,70,46:45.5
1980,USA East,5-Oct-80,Alan  Jones JON,Williams Ford,59,34:36.0
1981,USA West,15-Mar-81,Alan  Jones JON,Williams Ford,80,50:41.3
1981,Brazil,29-Mar-81,Carlos Reutemann REU,Williams Ford,62,00:23.7
1981,Argentina,12-Apr-81,Nelson Piquet PIQ,Brabham Ford,53,34:32.7
1981,San Marino,3-May-81,Nelson Piquet PIQ,Brabham Ford,60,51:24.0
1981,Belgium,17-May-81,Carlos Reutemann REU,Williams Ford,54,16:31.6
1981,Monaco,31-May-81,Gilles Villeneuve VIL,Ferrari,76,54:23.4
1981,Spain,21-Jun-81,Gilles Villeneuve VIL,Ferrari,80,46:35.0
1981,France,5-Jul-81,Alain Prost PRO,Renault,80,35:48.1
1981,Great Britain,18-Jul-81,John Watson WAT,McLaren Ford,68,26:54.8
1981,Germany,2-Aug-81,Nelson Piquet PIQ,Brabham Ford,45,25:55.6
1981,Austria,16-Aug-81,Jacques Laffite LAF,Ligier Matra,53,27:36.5
1981,Netherlands,30-Aug-81,Alain Prost PRO,Renault,72,40:22.4
1981,Italy,13-Sep-81,Alain Prost PRO,Renault,52,26:33.9
1981,Canada,27-Sep-81,Jacques Laffite LAF,Ligier Matra,63,01:25.2
1981,Caesar's Palace,17-Oct-81,Alan  Jones JON,Williams Ford,75,44:09.1
1982,South Africa,23-Jan-82,Alain Prost PRO,Renault,77,32:08.4
1982,Brazil,21-Mar-82,Alain Prost PRO,Renault,63,44:33.1
1982,USA West,4-Apr-82,Niki Lauda LAU,McLaren Ford,75,58:25.3
1982,San Marino,25-Apr-82,Didier Pironi PIR,Ferrari,60,36:38.9
1982,Belgium,9-May-82,John Watson WAT,McLaren Ford,70,35:42.0
1982,Monaco,23-May-82,Riccardo Patrese PAT,Brabham Ford,76,54:11.3
1982,Detroit,6-Jun-82,John Watson WAT,McLaren Ford,62,58:41.0
1982,Canada,13-Jun-82,Nelson Piquet PIQ,Brabham BMW,70,46:39.6
1982,Netherlands,3-Jul-82,Didier Pironi PIR,Ferrari,72,38:03.3
1982,Great Britain,18-Jul-82,Niki Lauda LAU,McLaren Ford,76,35:33.8
1982,France,25-Jul-82,Rene Arnoux ARN,Renault,54,33:33.2
1982,Germany,8-Aug-82,Patrick Tambay TAM,Ferrari,45,27:25.2
1982,Austria,15-Aug-82,Elio de Angelis DEA,Lotus Ford,53,25:02.2
1982,Switzerland,29-Aug-82,Keke Rosberg ROS,Williams Ford,80,32:41.1
1982,Italy,12-Sep-82,Rene Arnoux ARN,Renault,52,22:25.7
1982,Caesar's Palace,25-Sep-82,Michele Alboreto ALB,Tyrrell Ford,75,41:56.9
1983,Brazil,13-Mar-83,Nelson Piquet PIQ,Brabham BMW,63,48:27.7
1983,USA West,27-Mar-83,John Watson WAT,McLaren Ford,75,53:34.9
1983,France,17-Apr-83,Alain Prost PRO,Renault,54,34:13.9
1983,San Marino,1-May-83,Patrick Tambay TAM,Ferrari,60,37:52.5
1983,Monaco,15-May-83,Keke Rosberg ROS,Williams Ford,76,56:38.1
1983,Belgium,22-May-83,Alain Prost PRO,Renault,40,27:11.5
1983,Detroit,5-Jun-83,Michele Alboreto ALB,Tyrrell Ford,60,50:53.7
1983,Canada,12-Jun-83,Rene Arnoux ARN,Ferrari,70,48:31.8
1983,Great Britain,16-Jul-83,Alain Prost PRO,Renault,67,24:39.8
1983,Germany,7-Aug-83,Rene Arnoux ARN,Ferrari,45,27:10.3
1983,Austria,14-Aug-83,Alain Prost PRO,Renault,53,24:32.7
1983,Netherlands,28-Aug-83,Rene Arnoux ARN,Ferrari,72,38:42.0
1983,Italy,11-Sep-83,Nelson Piquet PIQ,Brabham BMW,52,23:10.9
1983,Europe,25-Sep-83,Nelson Piquet PIQ,Brabham BMW,76,36:45.9
1983,South Africa,15-Oct-83,Riccardo Patrese PAT,Brabham BMW,77,33:25.7
1984,Brazil,25-Mar-84,Alain Prost PRO,McLaren TAG,61,42:34.5
1984,South Africa,7-Apr-84,Niki Lauda LAU,McLaren TAG,75,29:23.4
1984,Belgium,29-Apr-84,Michele Alboreto ALB,Ferrari,70,36:32.0
1984,San Marino,6-May-84,Alain Prost PRO,McLaren TAG,60,36:53.7
1984,France,20-May-84,Niki Lauda LAU,McLaren TAG,79,31:12.0
1984,Monaco,3-Jun-84,Alain Prost PRO,McLaren TAG,31,01:07.7
1984,Canada,17-Jun-84,Nelson Piquet PIQ,Brabham BMW,70,46:23.7
1984,Detroit,24-Jun-84,Nelson Piquet PIQ,Brabham BMW,63,55:41.8
1984,Dallas,8-Jul-84,Keke Rosberg ROS,Williams Honda,67,01:22.6
1984,Great Britain,22-Jul-84,Niki Lauda LAU,McLaren TAG,71,29:28.5
1984,Germany,5-Aug-84,Alain Prost PRO,McLaren TAG,44,24:43.2
1984,Austria,19-Aug-84,Niki Lauda LAU,McLaren TAG,51,21:12.9
1984,Netherlands,26-Aug-84,Alain Prost PRO,McLaren TAG,71,37:21.5
1984,Italy,9-Sep-84,Niki Lauda LAU,McLaren TAG,51,20:29.1
1984,Europe,7-Oct-84,Alain Prost PRO,McLaren TAG,67,35:13.3
1984,Portugal,21-Oct-84,Alain Prost PRO,McLaren TAG,70,41:11.8
1985,Brazil,7-Apr-85,Alain Prost PRO,McLaren TAG,61,41:26.1
1985,Portugal,21-Apr-85,Ayrton Senna SEN,Lotus Renault,67,00:28.0
1985,San Marino,5-May-85,Elio de Angelis DEA,Lotus Renault,60,34:36.0
1985,Monaco,19-May-85,Alain Prost PRO,McLaren TAG,78,51:58.0
1985,Canada,16-Jun-85,Michele Alboreto ALB,Ferrari,70,46:01.8
1985,Detroit,23-Jun-85,Keke Rosberg ROS,Williams Honda,63,55:39.9
1985,France,7-Jul-85,Nelson Piquet PIQ,Brabham BMW,53,31:46.3
1985,Great Britain,21-Jul-85,Alain Prost PRO,McLaren TAG,65,18:10.4
1985,Germany,4-Aug-85,Michele Alboreto ALB,Ferrari,67,35:31.3
1985,Austria,18-Aug-85,Alain Prost PRO,McLaren TAG,52,20:12.6
1985,Netherlands,25-Aug-85,Niki Lauda LAU,McLaren TAG,70,32:29.3
1985,Italy,8-Sep-85,Alain Prost PRO,McLaren TAG,51,17:59.5
1985,Belgium,15-Sep-85,Ayrton Senna SEN,Lotus Renault,43,34:19.9
1985,Europe,6-Oct-85,Nigel Mansell MAN,Williams Honda,75,32:58.1
1985,South Africa,19-Oct-85,Nigel Mansell MAN,Williams Honda,75,28:22.9
1985,Australia,3-Nov-85,Keke Rosberg ROS,Williams Honda,82,00:40.5
1986,Brazil,23-Mar-86,Nelson Piquet PIQ,Williams Honda,61,39:32.6
1986,Spain,13-Apr-86,Ayrton Senna SEN,Lotus Renault,72,48:47.7
1986,San Marino,27-Apr-86,Alain Prost PRO,McLaren TAG,60,32:28.4
1986,Monaco,11-May-86,Alain Prost PRO,McLaren TAG,78,55:41.1
1986,Belgium,25-May-86,Nigel Mansell MAN,Williams Honda,43,27:57.9
1986,Canada,15-Jun-86,Nigel Mansell MAN,Williams Honda,69,42:26.4
1986,Detroit,22-Jun-86,Ayrton Senna SEN,Lotus Renault,63,51:12.8
1986,France,6-Jul-86,Nigel Mansell MAN,Williams Honda,80,37:19.3
1986,Great Britain,13-Jul-86,Nigel Mansell MAN,Williams Honda,75,30:38.5
1986,Germany,27-Jul-86,Nelson Piquet PIQ,Williams Honda,44,22:08.3
1986,Hungary,10-Aug-86,Nelson Piquet PIQ,Williams Honda,76,00:34.5
1986,Austria,17-Aug-86,Alain Prost PRO,McLaren TAG,52,21:22.5
1986,Italy,7-Sep-86,Nelson Piquet PIQ,Williams Honda,51,17:42.9
1986,Portugal,21-Sep-86,Nigel Mansell MAN,Williams Honda,70,37:21.9
1986,Mexico,12-Oct-86,Gerhard Berger BER,Benetton BMW,68,33:18.7
1986,Australia,26-Oct-86,Alain Prost PRO,McLaren TAG,82,54:20.4
1987,Brazil,12-Apr-87,Alain Prost PRO,McLaren TAG,61,39:45.1
1987,San Marino,3-May-87,Nigel Mansell MAN,Williams Honda,59,31:24.1
1987,Belgium,17-May-87,Alain Prost PRO,McLaren TAG,43,27:03.2
1987,Monaco,31-May-87,Ayrton Senna SEN,Lotus Honda,78,57:54.1
1987,Detroit,21-Jun-87,Ayrton Senna SEN,Lotus Honda,63,50:16.4
1987,France,5-Jul-87,Nigel Mansell MAN,Williams Honda,80,37:03.8
1987,Great Britain,12-Jul-87,Nigel Mansell MAN,Williams Honda,65,19:11.8
1987,Germany,26-Jul-87,Nelson Piquet PIQ,Williams Honda,44,21:25.1
1987,Hungary,9-Aug-87,Nelson Piquet PIQ,Williams Honda,76,59:26.8
1987,Austria,16-Aug-87,Nigel Mansell MAN,Williams Honda,52,18:44.9
1987,Italy,6-Sep-87,Nelson Piquet PIQ,Williams Honda,50,14:47.7
1987,Portugal,20-Sep-87,Alain Prost PRO,McLaren TAG,70,37:03.9
1987,Spain,27-Sep-87,Nigel Mansell MAN,Williams Honda,72,49:12.7
1987,Mexico,18-Oct-87,Nigel Mansell MAN,Williams Honda,63,26:24.2
1987,Japan,1-Nov-87,Gerhard Berger BER,Ferrari,51,32:58.1
1987,Australia,15-Nov-87,Gerhard Berger BER,Ferrari,82,52:56.1
1988,Brazil,3-Apr-88,Alain Prost PRO,McLaren Honda,60,36:06.9
1988,San Marino,1-May-88,Ayrton Senna SEN,McLaren Honda,60,32:41.3
1988,Monaco,15-May-88,Alain Prost PRO,McLaren Honda,78,57:17.1
1988,Mexico,29-May-88,Alain Prost PRO,McLaren Honda,67,30:15.7
1988,Canada,12-Jun-88,Ayrton Senna SEN,McLaren Honda,69,39:46.6
1988,Detroit,19-Jun-88,Ayrton Senna SEN,McLaren Honda,63,54:56.0
1988,France,3-Jul-88,Alain Prost PRO,McLaren Honda,80,37:37.3
1988,Great Britain,10-Jul-88,Ayrton Senna SEN,McLaren Honda,65,33:16.4
1988,Germany,24-Jul-88,Ayrton Senna SEN,McLaren Honda,44,32:54.2
1988,Hungary,7-Aug-88,Ayrton Senna SEN,McLaren Honda,76,57:47.1
1988,Belgium,28-Aug-88,Ayrton Senna SEN,McLaren Honda,43,28:00.5
1988,Italy,11-Sep-88,Gerhard Berger BER,Ferrari,51,17:39.7
1988,Portugal,25-Sep-88,Alain Prost PRO,McLaren Honda,70,37:41.0
1988,Spain,2-Oct-88,Alain Prost PRO,McLaren Honda,72,48:43.9
1988,Japan,30-Oct-88,Ayrton Senna SEN,McLaren Honda,51,33:26.2
1988,Australia,13-Nov-88,Alain Prost PRO,McLaren Honda,82,53:14.7
1989,Brazil,26-Mar-89,Nigel Mansell MAN,Ferrari,61,38:58.7
1989,San Marino,23-Apr-89,Ayrton Senna SEN,McLaren Honda,58,26:51.2
1989,Monaco,7-May-89,Ayrton Senna SEN,McLaren Honda,77,53:33.3
1989,Mexico,28-May-89,Ayrton Senna SEN,McLaren Honda,69,35:21.4
1989,United States,4-Jun-89,Alain Prost PRO,McLaren Honda,75,01:33.1
1989,Canada,18-Jun-89,Thierry Boutsen BOU,Williams Renault,69,01:24.1
1989,France,9-Jul-89,Alain Prost PRO,McLaren Honda,80,38:29.4
1989,Great Britain,16-Jul-89,Alain Prost PRO,McLaren Honda,64,19:22.1
1989,Germany,30-Jul-89,Ayrton Senna SEN,McLaren Honda,45,21:43.3
1989,Hungary,13-Aug-89,Nigel Mansell MAN,Ferrari,77,49:38.7
1989,Belgium,27-Aug-89,Ayrton Senna SEN,McLaren Honda,44,40:54.2
1989,Italy,10-Sep-89,Alain Prost PRO,McLaren Honda,53,19:27.5
1989,Portugal,24-Sep-89,Gerhard Berger BER,Ferrari,71,36:48.5
1989,Spain,1-Oct-89,Ayrton Senna SEN,McLaren Honda,72,47:48.3
1989,Japan,22-Oct-89,Alessandro Nannini NAN,Benetton Ford,53,35:06.3
1989,Australia,5-Nov-89,Thierry Boutsen BOU,Williams Renault,70,00:17.4
1990,United States,11-Mar-90,Ayrton Senna SEN,McLaren Honda,72,52:32.8
1990,Brazil,25-Mar-90,Alain Prost PRO,Ferrari,71,37:21.3
1990,San Marino,13-May-90,Riccardo Patrese PAT,Williams Renault,61,30:55.5
1990,Monaco,27-May-90,Ayrton Senna SEN,McLaren Honda,78,52:47.0
1990,Canada,10-Jun-90,Ayrton Senna SEN,McLaren Honda,70,42:56.4
1990,Mexico,24-Jun-90,Alain Prost PRO,Ferrari,69,32:35.8
1990,France,8-Jul-90,Alain Prost PRO,Ferrari,80,33:29.6
1990,Great Britain,15-Jul-90,Alain Prost PRO,Ferrari,64,18:31.0
1990,Germany,29-Jul-90,Ayrton Senna SEN,McLaren Honda,45,20:47.2
1990,Hungary,12-Aug-90,Thierry Boutsen BOU,Williams Renault,77,49:30.6
1990,Belgium,26-Aug-90,Ayrton Senna SEN,McLaren Honda,44,26:32.0
1990,Italy,9-Sep-90,Ayrton Senna SEN,McLaren Honda,53,17:57.9
1990,Portugal,23-Sep-90,Nigel Mansell MAN,Ferrari,61,22:11.0
1990,Spain,30-Sep-90,Alain Prost PRO,Ferrari,73,48:01.5
1990,Japan,21-Oct-90,Nelson Piquet PIQ,Benetton Ford,53,34:36.8
1990,Australia,4-Nov-90,Nelson Piquet PIQ,Benetton Ford,81,49:44.6
1991,United States,10-Mar-91,Ayrton Senna SEN,McLaren Honda,81,00:47.8
1991,Brazil,24-Mar-91,Ayrton Senna SEN,McLaren Honda,71,38:28.1
1991,San Marino,28-Apr-91,Ayrton Senna SEN,McLaren Honda,61,35:14.8
1991,Monaco,12-May-91,Ayrton Senna SEN,McLaren Honda,78,53:02.3
1991,Canada,2-Jun-91,Nelson Piquet PIQ,Benetton Ford,69,38:51.5
1991,Mexico,16-Jun-91,Riccardo Patrese PAT,Williams Renault,67,29:52.2
1991,France,7-Jul-91,Nigel Mansell MAN,Williams Renault,72,38:00.1
1991,Great Britain,14-Jul-91,Nigel Mansell MAN,Williams Renault,59,27:35.5
1991,Germany,28-Jul-91,Nigel Mansell MAN,Williams Renault,45,19:29.7
1991,Hungary,11-Aug-91,Ayrton Senna SEN,McLaren Honda,77,49:12.8
1991,Belgium,25-Aug-91,Ayrton Senna SEN,McLaren Honda,44,27:17.7
1991,Italy,8-Sep-91,Nigel Mansell MAN,Williams Renault,53,17:54.3
1991,Portugal,22-Sep-91,Riccardo Patrese PAT,Williams Renault,71,35:42.3
1991,Spain,29-Sep-91,Nigel Mansell MAN,Williams Renault,65,38:41.5
1991,Japan,20-Oct-91,Gerhard Berger BER,McLaren Honda,53,32:10.7
1991,Australia,3-Nov-91,Ayrton Senna SEN,McLaren Honda,14,24:34.9
1992,South Africa,1-Mar-92,Nigel Mansell MAN,Williams Renault,72,36:45.3
1992,Mexico,22-Mar-92,Nigel Mansell MAN,Williams Renault,69,31:53.6
1992,Brazil,5-Apr-92,Nigel Mansell MAN,Williams Renault,71,36:51.9
1992,Spain,3-May-92,Nigel Mansell MAN,Williams Renault,65,56:10.7
1992,San Marino,17-May-92,Nigel Mansell MAN,Williams Renault,60,28:40.9
1992,Monaco,31-May-92,Ayrton Senna SEN,McLaren Honda,78,50:59.4
1992,Canada,14-Jun-92,Gerhard Berger BER,McLaren Honda,69,37:08.3
1992,France,5-Jul-92,Nigel Mansell MAN,Williams Renault,69,38:08.5
1992,Great Britain,12-Jul-92,Nigel Mansell MAN,Williams Renault,59,25:43.0
1992,Germany,26-Jul-92,Nigel Mansell MAN,Williams Renault,45,18:22.0
1992,Hungary,16-Aug-92,Ayrton Senna SEN,McLaren Honda,77,46:19.2
1992,Belgium,30-Aug-92,Michael Schumacher MSC,Benetton Ford,44,36:10.7
1992,Italy,13-Sep-92,Ayrton Senna SEN,McLaren Honda,53,18:15.3
1992,Portugal,27-Sep-92,Nigel Mansell MAN,Williams Renault,71,34:46.7
1992,Japan,25-Oct-92,Riccardo Patrese PAT,Williams Renault,53,33:09.6
1992,Australia,8-Nov-92,Gerhard Berger BER,McLaren Honda,82,46:54.8
1993,South Africa,14-Mar-93,Alain Prost PRO,Williams Renault,72,38:45.1
1993,Brazil,28-Mar-93,Ayrton Senna SEN,McLaren Ford,71,51:15.5
1993,Europe,11-Apr-93,Ayrton Senna SEN,McLaren Ford,76,50:46.6
1993,San Marino,25-Apr-93,Alain Prost PRO,Williams Renault,61,33:20.4
1993,Spain,9-May-93,Alain Prost PRO,Williams Renault,65,32:27.7
1993,Monaco,23-May-93,Ayrton Senna SEN,McLaren Ford,78,52:10.9
1993,Canada,13-Jun-93,Alain Prost PRO,Williams Renault,69,36:41.8
1993,France,4-Jul-93,Alain Prost PRO,Williams Renault,72,38:35.2
1993,Great Britain,11-Jul-93,Alain Prost PRO,Williams Renault,59,25:38.2
1993,Germany,25-Jul-93,Alain Prost PRO,Williams Renault,45,18:40.9
1993,Hungary,15-Aug-93,Damon Hill HIL,Williams Renault,77,47:39.1
1993,Belgium,29-Aug-93,Damon Hill HIL,Williams Renault,44,24:32.1
1993,Italy,12-Sep-93,Damon Hill HIL,Williams Renault,53,17:07.5
1993,Portugal,26-Sep-93,Michael Schumacher MSC,Benetton Ford,71,32:46.3
1993,Japan,24-Oct-93,Ayrton Senna SEN,McLaren Ford,53,40:27.9
1993,Australia,7-Nov-93,Ayrton Senna SEN,McLaren Ford,79,43:27.5
1994,Brazil,27-Mar-94,Michael Schumacher MSC,Benetton Ford,71,35:38.8
1994,Pacific,17-Apr-94,Michael Schumacher MSC,Benetton Ford,83,46:01.7
1994,San Marino,1-May-94,Michael Schumacher MSC,Benetton Ford,58,28:28.6
1994,Monaco,15-May-94,Michael Schumacher MSC,Benetton Ford,78,49:55.4
1994,Spain,29-May-94,Damon Hill HIL,Williams Renault,65,36:14.4
1994,Canada,12-Jun-94,Michael Schumacher MSC,Benetton Ford,69,44:31.9
1994,France,3-Jul-94,Michael Schumacher MSC,Benetton Ford,72,38:35.7
1994,Great Britain,10-Jul-94,Damon Hill HIL,Williams Renault,60,30:03.6
1994,Germany,31-Jul-94,Gerhard Berger BER,Ferrari,45,22:37.3
1994,Hungary,14-Aug-94,Michael Schumacher MSC,Benetton Ford,77,48:00.2
1994,Belgium,28-Aug-94,Damon Hill HIL,Williams Renault,44,28:47.2
1994,Italy,11-Sep-94,Damon Hill HIL,Williams Renault,53,18:02.8
1994,Portugal,25-Sep-94,Damon Hill HIL,Williams Renault,71,41:10.2
1994,Europe,16-Oct-94,Michael Schumacher MSC,Benetton Ford,69,40:26.7
1994,Japan,6-Nov-94,Damon Hill HIL,Williams Renault,50,55:53.5
1994,Australia,13-Nov-94,Nigel Mansell MAN,Williams Renault,81,47:51.5
1995,Brazil,26-Mar-95,Michael Schumacher MSC,Benetton Renault,71,38:34.2
1995,Argentina,9-Apr-95,Damon Hill HIL,Williams Renault,71,51:39.5
1995,San Marino,30-Apr-95,Damon Hill HIL,Williams Renault,63,41:42.6
1995,Spain,14-May-95,Michael Schumacher MSC,Benetton Renault,65,34:20.5
1995,Monaco,28-May-95,Michael Schumacher MSC,Benetton Renault,78,53:11.3
1995,Canada,11-Jun-95,Jean Alesi ALE,Ferrari,69,46:31.3
1995,France,2-Jul-95,Michael Schumacher MSC,Benetton Renault,72,38:28.4
1995,Great Britain,16-Jul-95,Johnny Herbert HER,Benetton Renault,61,34:35.1
1995,Germany,30-Jul-95,Michael Schumacher MSC,Benetton Renault,45,22:56.0
1995,Hungary,13-Aug-95,Damon Hill HIL,Williams Renault,77,46:25.7
1995,Belgium,27-Aug-95,Michael Schumacher MSC,Benetton Renault,44,36:47.9
1995,Italy,10-Sep-95,Johnny Herbert HER,Benetton Renault,53,18:27.9
1995,Portugal,24-Sep-95,David Coulthard COU,Williams Renault,71,41:52.1
1995,Europe,1-Oct-95,Michael Schumacher MSC,Benetton Renault,67,39:59.0
1995,Pacific,22-Oct-95,Michael Schumacher MSC,Benetton Renault,83,48:50.0
1995,Japan,29-Oct-95,Michael Schumacher MSC,Benetton Renault,53,36:52.9
1995,Australia,12-Nov-95,Damon Hill HIL,Williams Renault,81,49:15.9
1996,Australia,10-Mar-96,Damon Hill HIL,Williams Renault,58,32:50.5
1996,Brazil,31-Mar-96,Damon Hill HIL,Williams Renault,71,49:53.0
1996,Argentina,7-Apr-96,Damon Hill HIL,Williams Renault,72,54:55.3
1996,Europe,28-Apr-96,Jacques Villeneuve VIL,Williams Renault,67,33:26.5
1996,San Marino,5-May-96,Damon Hill HIL,Williams Renault,63,35:26.2
1996,Monaco,19-May-96,Olivier Panis PAN,Ligier Mugen Honda,75,00:45.6
1996,Spain,2-Jun-96,Michael Schumacher MSC,Ferrari,65,59:49.3
1996,Canada,16-Jun-96,Damon Hill HIL,Williams Renault,69,36:03.5
1996,France,30-Jun-96,Damon Hill HIL,Williams Renault,72,36:28.8
1996,Great Britain,14-Jul-96,Jacques Villeneuve VIL,Williams Renault,61,33:00.9
1996,Germany,28-Jul-96,Damon Hill HIL,Williams Renault,45,21:43.4
1996,Hungary,11-Aug-96,Jacques Villeneuve VIL,Williams Renault,77,46:21.1
1996,Belgium,25-Aug-96,Michael Schumacher MSC,Ferrari,44,28:15.1
1996,Italy,8-Sep-96,Michael Schumacher MSC,Ferrari,53,17:43.6
1996,Portugal,22-Sep-96,Jacques Villeneuve VIL,Williams Renault,70,40:22.9
1996,Japan,13-Oct-96,Damon Hill HIL,Williams Renault,52,32:33.8
1997,Australia,9-Mar-97,David Coulthard COU,McLaren Mercedes,58,30:28.7
1997,Brazil,30-Mar-97,Jacques Villeneuve VIL,Williams Renault,72,36:07.0
1997,Argentina,13-Apr-97,Jacques Villeneuve VIL,Williams Renault,72,52:01.7
1997,San Marino,27-Apr-97,Heinz-Harald Frentzen FRE,Williams Renault,62,31:00.7
1997,Monaco,11-May-97,Michael Schumacher MSC,Ferrari,62,00:05.7
1997,Spain,25-May-97,Jacques Villeneuve VIL,Williams Renault,64,30:35.9
1997,Canada,15-Jun-97,Michael Schumacher MSC,Ferrari,54,17:40.6
1997,France,29-Jun-97,Michael Schumacher MSC,Ferrari,72,38:50.5
1997,Great Britain,13-Jul-97,Jacques Villeneuve VIL,Williams Renault,59,28:01.7
1997,Germany,27-Jul-97,Gerhard Berger BER,Benetton Renault,45,20:59.0
1997,Hungary,10-Aug-97,Jacques Villeneuve VIL,Williams Renault,77,45:47.1
1997,Belgium,24-Aug-97,Michael Schumacher MSC,Ferrari,44,33:46.7
1997,Italy,7-Sep-97,David Coulthard COU,McLaren Mercedes,53,17:04.6
1997,Austria,21-Sep-97,Jacques Villeneuve VIL,Williams Renault,71,27:36.0
1997,Luxembourg,28-Sep-97,Jacques Villeneuve VIL,Williams Renault,67,31:27.8
1997,Japan,12-Oct-97,Michael Schumacher MSC,Ferrari,53,29:48.4
1997,Europe,26-Oct-97,Mika Hakkinen HAK,McLaren Mercedes,69,38:57.8
1998,Australia,8-Mar-98,Mika Hakkinen HAK,McLaren Mercedes,58,31:46.0
1998,Brazil,29-Mar-98,Mika Hakkinen HAK,McLaren Mercedes,72,37:11.7
1998,Argentina,12-Apr-98,Michael Schumacher MSC,Ferrari,72,48:36.2
1998,San Marino,26-Apr-98,David Coulthard COU,McLaren Mercedes,62,34:24.6
1998,Spain,10-May-98,Mika Hakkinen HAK,McLaren Mercedes,65,33:37.6
1998,Monaco,24-May-98,Mika Hakkinen HAK,McLaren Mercedes,78,51:23.6
1998,Canada,7-Jun-98,Michael Schumacher MSC,Ferrari,69,40:57.4
1998,France,28-Jun-98,Michael Schumacher MSC,Ferrari,71,34:45.0
1998,Great Britain,12-Jul-98,Michael Schumacher MSC,Ferrari,60,47:02.5
1998,Austria,26-Jul-98,Mika Hakkinen HAK,McLaren Mercedes,71,30:44.1
1998,Germany,2-Aug-98,Mika Hakkinen HAK,McLaren Mercedes,45,20:48.0
1998,Hungary,16-Aug-98,Michael Schumacher MSC,Ferrari,77,45:25.5
1998,Belgium,30-Aug-98,Damon Hill HIL,Jordan Mugen Honda,44,43:47.4
1998,Italy,13-Sep-98,Michael Schumacher MSC,Ferrari,53,17:09.7
1998,Luxembourg,27-Sep-98,Mika Hakkinen HAK,McLaren Mercedes,67,32:14.8
1998,Japan,1-Nov-98,Mika Hakkinen HAK,McLaren Mercedes,51,27:22.5
1999,Australia,7-Mar-99,Eddie Irvine IRV,Ferrari,57,35:01.7
1999,Brazil,11-Apr-99,Mika Hakkinen HAK,McLaren Mercedes,72,36:03.8
1999,San Marino,2-May-99,Michael Schumacher MSC,Ferrari,62,33:44.8
1999,Monaco,16-May-99,Michael Schumacher MSC,Ferrari,78,49:31.8
1999,Spain,30-May-99,Mika Hakkinen HAK,McLaren Mercedes,65,34:13.7
1999,Canada,13-Jun-99,Mika Hakkinen HAK,McLaren Mercedes,69,41:35.7
1999,France,27-Jun-99,Heinz-Harald Frentzen FRE,Jordan Mugen Honda,72,58:24.3
1999,Great Britain,11-Jul-99,David Coulthard COU,McLaren Mercedes,60,32:30.1
1999,Austria,25-Jul-99,Eddie Irvine IRV,Ferrari,71,28:12.4
1999,Germany,1-Aug-99,Eddie Irvine IRV,Ferrari,45,21:58.6
1999,Hungary,15-Aug-99,Mika Hakkinen HAK,McLaren Mercedes,77,46:23.5
1999,Belgium,29-Aug-99,David Coulthard COU,McLaren Mercedes,44,25:43.1
1999,Italy,12-Sep-99,Heinz-Harald Frentzen FRE,Jordan Mugen Honda,53,17:02.9
1999,Europe,26-Sep-99,Johnny Herbert HER,Stewart Ford,66,41:54.3
1999,Malaysia,17-Oct-99,Eddie Irvine IRV,Ferrari,56,36:38.5
1999,Japan,31-Oct-99,Mika Hakkinen HAK,McLaren Mercedes,53,31:18.8
2000,Australia,12-Mar-00,Michael Schumacher MSC,Ferrari,58,34:02.0
2000,Brazil,26-Mar-00,Michael Schumacher MSC,Ferrari,71,31:35.3
2000,San Marino,9-Apr-00,Michael Schumacher MSC,Ferrari,62,31:39.8
2000,Great Britain,23-Apr-00,David Coulthard COU,McLaren Mercedes,60,28:50.1
2000,Spain,7-May-00,Mika Hakkinen HAK,McLaren Mercedes,65,33:55.4
2000,Europe,21-May-00,Michael Schumacher MSC,Ferrari,67,42:00.3
2000,Monaco,4-Jun-00,David Coulthard COU,McLaren Mercedes,78,49:28.2
2000,Canada,18-Jun-00,Michael Schumacher MSC,Ferrari,69,41:12.3
2000,France,2-Jul-00,David Coulthard COU,McLaren Mercedes,72,38:05.5
2000,Austria,16-Jul-00,Mika Hakkinen HAK,McLaren Mercedes,71,28:15.8
2000,Germany,30-Jul-00,Rubens Barrichello BAR,Ferrari,45,25:34.4
2000,Hungary,13-Aug-00,Mika Hakkinen HAK,McLaren Mercedes,77,45:33.9
2000,Belgium,27-Aug-00,Mika Hakkinen HAK,McLaren Mercedes,44,28:14.5
2000,Italy,10-Sep-00,Michael Schumacher MSC,Ferrari,53,27:31.6
2000,United States,24-Sep-00,Michael Schumacher MSC,Ferrari,73,36:30.9
2000,Japan,8-Oct-00,Michael Schumacher MSC,Ferrari,53,29:53.4
2000,Malaysia,22-Oct-00,Michael Schumacher MSC,Ferrari,56,35:54.2
2001,Australia,4-Mar-01,Michael Schumacher MSC,Ferrari,58,38:26.5
2001,Malaysia,18-Mar-01,Michael Schumacher MSC,Ferrari,55,47:34.8
2001,Brazil,1-Apr-01,David Coulthard COU,McLaren Mercedes,71,39:00.8
2001,San Marino,15-Apr-01,Ralf Schumacher RSC,Williams BMW,62,30:44.8
2001,Spain,29-Apr-01,Michael Schumacher MSC,Ferrari,65,31:03.3
2001,Austria,13-May-01,David Coulthard COU,McLaren Mercedes,71,27:45.9
2001,Monaco,27-May-01,Michael Schumacher MSC,Ferrari,78,47:22.6
2001,Canada,10-Jun-01,Ralf Schumacher RSC,Williams BMW,69,34:31.5
2001,Europe,24-Jun-01,Michael Schumacher MSC,Ferrari,67,29:42.7
2001,France,1-Jul-01,Michael Schumacher MSC,Ferrari,72,33:35.6
2001,Great Britain,15-Jul-01,Mika Hakkinen HAK,McLaren Mercedes,60,25:33.8
2001,Germany,29-Jul-01,Ralf Schumacher RSC,Williams BMW,45,18:17.9
2001,Hungary,19-Aug-01,Michael Schumacher MSC,Ferrari,77,41:49.7
2001,Belgium,2-Sep-01,Michael Schumacher MSC,Ferrari,36,08:05.0
2001,Italy,16-Sep-01,Juan Pablo Montoya MOY,Williams BMW,53,16:58.5
2001,United States,30-Sep-01,Mika Hakkinen HAK,McLaren Mercedes,73,32:42.8
2001,Japan,14-Oct-01,Michael Schumacher MSC,Ferrari,53,27:33.3
2002,Australia,3-Mar-02,Michael Schumacher MSC,Ferrari,58,35:36.8
2002,Malaysia,17-Mar-02,Ralf Schumacher RSC,Williams BMW,56,34:12.9
2002,Brazil,31-Mar-02,Michael Schumacher MSC,Ferrari,71,31:43.7
2002,San Marino,14-Apr-02,Michael Schumacher MSC,Ferrari,62,29:10.8
2002,Spain,28-Apr-02,Michael Schumacher MSC,Ferrari,65,30:30.0
2002,Austria,12-May-02,Michael Schumacher MSC,Ferrari,71,33:51.6
2002,Monaco,26-May-02,David Coulthard COU,McLaren Mercedes,78,45:39.1
2002,Canada,9-Jun-02,Michael Schumacher MSC,Ferrari,70,33:36.1
2002,Europe,23-Jun-02,Rubens Barrichello BAR,Ferrari,60,35:07.4
2002,Great Britain,7-Jul-02,Michael Schumacher MSC,Ferrari,60,31:45.0
2002,France,21-Jul-02,Michael Schumacher MSC,Ferrari,72,32:09.8
2002,Germany,28-Jul-02,Michael Schumacher MSC,Ferrari,67,27:52.1
2002,Hungary,18-Aug-02,Rubens Barrichello BAR,Ferrari,77,41:49.0
2002,Belgium,1-Sep-02,Michael Schumacher MSC,Ferrari,44,21:20.6
2002,Italy,15-Sep-02,Rubens Barrichello BAR,Ferrari,53,16:20.0
2002,United States,29-Sep-02,Rubens Barrichello BAR,Ferrari,73,31:07.9
2002,Japan,13-Oct-02,Michael Schumacher MSC,Ferrari,53,26:59.7
2003,Australia,9-Mar-03,David Coulthard COU,McLaren Mercedes,58,34:42.1
2003,Malaysia,23-Mar-03,Kimi RÃƒÂ¤ikkÃƒÂ¶nen RAI,McLaren Mercedes,56,32:22.2
2003,Brazil,6-Apr-03,Giancarlo Fisichella FIS,Jordan Ford,54,31:17.7
2003,San Marino,20-Apr-03,Michael Schumacher MSC,Ferrari,62,28:12.1
2003,Spain,4-May-03,Michael Schumacher MSC,Ferrari,65,33:46.9
2003,Austria,18-May-03,Michael Schumacher MSC,Ferrari,69,24:04.9
2003,Monaco,1-Jun-03,Juan Pablo Montoya MOY,Williams BMW,78,42:19.0
2003,Canada,15-Jun-03,Michael Schumacher MSC,Ferrari,70,31:13.6
2003,Europe,29-Jun-03,Ralf Schumacher RSC,Williams BMW,60,34:43.6
2003,France,6-Jul-03,Ralf Schumacher RSC,Williams BMW,70,30:49.2
2003,Great Britain,20-Jul-03,Rubens Barrichello BAR,Ferrari,60,28:37.6
2003,Germany,3-Aug-03,Juan Pablo Montoya MOY,Williams BMW,67,28:48.8
2003,Hungary,24-Aug-03,Fernando Alonso ALO,Renault,70,39:01.5
2003,Italy,14-Sep-03,Michael Schumacher MSC,Ferrari,53,14:19.8
2003,United States,28-Sep-03,Michael Schumacher MSC,Ferrari,73,33:36.0
2003,Japan,12-Oct-03,Rubens Barrichello BAR,Ferrari,53,25:11.7
2004,Australia,7-Mar-04,Michael Schumacher MSC,Ferrari,58,24:15.8
2004,Malaysia,21-Mar-04,Michael Schumacher MSC,Ferrari,56,31:07.5
2004,Bahrain,4-Apr-04,Michael Schumacher MSC,Ferrari,57,28:34.9
2004,San Marino,25-Apr-04,Michael Schumacher MSC,Ferrari,62,26:19.7
2004,Spain,9-May-04,Michael Schumacher MSC,Ferrari,66,27:32.8
2004,Monaco,23-May-04,Jarno Trulli TRU,Renault,77,45:46.6
2004,Europe,30-May-04,Michael Schumacher MSC,Ferrari,60,32:35.1
2004,Canada,13-Jun-04,Michael Schumacher MSC,Ferrari,70,28:24.8
2004,United States,20-Jun-04,Michael Schumacher MSC,Ferrari,73,40:29.9
2004,France,4-Jul-04,Michael Schumacher MSC,Ferrari,70,30:18.1
2004,Great Britain,11-Jul-04,Michael Schumacher MSC,Ferrari,60,24:42.7
2004,Germany,25-Jul-04,Michael Schumacher MSC,Ferrari,66,23:54.8
2004,Hungary,15-Aug-04,Michael Schumacher MSC,Ferrari,70,35:26.1
2004,Belgium,29-Aug-04,Kimi RÃƒÂ¤ikkÃƒÂ¶nen RAI,McLaren Mercedes,44,32:35.3
2004,Italy,12-Sep-04,Rubens Barrichello BAR,Ferrari,53,15:18.4
2004,China,26-Sep-04,Rubens Barrichello BAR,Ferrari,56,29:12.4
2004,Japan,10-Oct-04,Michael Schumacher MSC,Ferrari,53,24:27.0
2004,Brazil,24-Oct-04,Juan Pablo Montoya MOY,Williams BMW,71,28:01.5
2005,Australia,6-Mar-05,Giancarlo Fisichella FIS,Renault,57,24:17.3
2005,Malaysia,20-Mar-05,Fernando Alonso ALO,Renault,56,31:33.7
2005,Bahrain,3-Apr-05,Fernando Alonso ALO,Renault,57,29:18.5
2005,San Marino,24-Apr-05,Fernando Alonso ALO,Renault,62,27:41.9
2005,Spain,8-May-05,Kimi RÃƒÂ¤ikkÃƒÂ¶nen RAI,McLaren Mercedes,66,27:16.8
2005,Monaco,22-May-05,Kimi RÃƒÂ¤ikkÃƒÂ¶nen RAI,McLaren Mercedes,78,45:15.6
2005,Europe,29-May-05,Fernando Alonso ALO,Renault,59,31:46.6
2005,Canada,12-Jun-05,Kimi RÃƒÂ¤ikkÃƒÂ¶nen RAI,McLaren Mercedes,70,32:09.3
2005,United States,19-Jun-05,Michael Schumacher MSC,Ferrari,73,29:43.2
2005,France,3-Jul-05,Fernando Alonso ALO,Renault,70,31:22.2
2005,Great Britain,10-Jul-05,Juan Pablo Montoya MOY,McLaren Mercedes,60,24:29.6
2005,Germany,24-Jul-05,Fernando Alonso ALO,Renault,67,26:28.6
2005,Hungary,31-Jul-05,Kimi RÃƒÂ¤ikkÃƒÂ¶nen RAI,McLaren Mercedes,70,37:25.6
2005,Turkey,21-Aug-05,Kimi RÃƒÂ¤ikkÃƒÂ¶nen RAI,McLaren Mercedes,58,24:34.5
2005,Italy,4-Sep-05,Juan Pablo Montoya MOY,McLaren Mercedes,53,14:28.7
2005,Belgium,11-Sep-05,Kimi RÃƒÂ¤ikkÃƒÂ¶nen RAI,McLaren Mercedes,44,30:01.3
2005,Brazil,25-Sep-05,Juan Pablo Montoya MOY,McLaren Mercedes,71,29:20.6
2005,Japan,9-Oct-05,Kimi RÃƒÂ¤ikkÃƒÂ¶nen RAI,McLaren Mercedes,53,29:02.2
2005,China,16-Oct-05,Fernando Alonso ALO,Renault,56,39:53.6
2006,Bahrain,12-Mar-06,Fernando Alonso ALO,Renault,57,29:46.2
2006,Malaysia,19-Mar-06,Giancarlo Fisichella FIS,Renault,56,30:40.5
2006,Australia,2-Apr-06,Fernando Alonso ALO,Renault,57,34:27.9
2006,San Marino,23-Apr-06,Michael Schumacher MSC,Ferrari,62,31:06.5
2006,Europe,7-May-06,Michael Schumacher MSC,Ferrari,60,35:58.8
2006,Spain,14-May-06,Fernando Alonso ALO,Renault,66,26:21.8
2006,Monaco,28-May-06,Fernando Alonso ALO,Renault,78,43:43.1
2006,Great Britain,11-Jun-06,Fernando Alonso ALO,Renault,60,25:51.9
2006,Canada,25-Jun-06,Fernando Alonso ALO,Renault,70,34:37.3
2006,United States,2-Jul-06,Michael Schumacher MSC,Ferrari,73,34:35.2
2006,France,16-Jul-06,Michael Schumacher MSC,Ferrari,70,32:07.8
2006,Germany,30-Jul-06,Michael Schumacher MSC,Ferrari,67,27:51.7
2006,Hungary,6-Aug-06,Jenson Button BUT,Honda,70,52:20.9
2006,Turkey,27-Aug-06,Felipe Massa MAS,Ferrari,58,28:51.1
2006,Italy,10-Sep-06,Michael Schumacher MSC,Ferrari,53,14:52.0
2006,China,1-Oct-06,Michael Schumacher MSC,Ferrari,56,37:32.7
2006,Japan,8-Oct-06,Fernando Alonso ALO,Renault,53,23:53.4
2006,Brazil,22-Oct-06,Felipe Massa MAS,Ferrari,71,31:53.8
2007,Australia,18-Mar-07,Kimi RÃƒÂ¤ikkÃƒÂ¶nen RAI,Ferrari,58,25:28.8
2007,Malaysia,8-Apr-07,Fernando Alonso ALO,McLaren Mercedes,56,32:14.9
2007,Bahrain,15-Apr-07,Felipe Massa MAS,Ferrari,57,33:27.5
2007,Spain,13-May-07,Felipe Massa MAS,Ferrari,65,31:36.2
2007,Monaco,27-May-07,Fernando Alonso ALO,McLaren Mercedes,78,40:29.3
2007,Canada,10-Jun-07,Lewis Hamilton HAM,McLaren Mercedes,70,44:11.3
2007,United States,17-Jun-07,Lewis Hamilton HAM,McLaren Mercedes,73,31:10.0
2007,France,1-Jul-07,Kimi RÃƒÂ¤ikkÃƒÂ¶nen RAI,Ferrari,70,30:54.2
2007,Great Britain,8-Jul-07,Kimi RÃƒÂ¤ikkÃƒÂ¶nen RAI,Ferrari,59,21:43.1
2007,Europe,22-Jul-07,Fernando Alonso ALO,McLaren Mercedes,60,06:26.4
2007,Hungary,5-Aug-07,Lewis Hamilton HAM,McLaren Mercedes,70,35:53.0
2007,Turkey,26-Aug-07,Felipe Massa MAS,Ferrari,58,26:42.2
2007,Italy,9-Sep-07,Fernando Alonso ALO,McLaren Mercedes,53,18:37.8
2007,Belgium,16-Sep-07,Kimi RÃƒÂ¤ikkÃƒÂ¶nen RAI,Ferrari,44,20:39.1
2007,Japan,30-Sep-07,Lewis Hamilton HAM,McLaren Mercedes,67,00:34.6
2007,China,7-Oct-07,Kimi RÃƒÂ¤ikkÃƒÂ¶nen RAI,Ferrari,56,37:58.4
2007,Brazil,21-Oct-07,Kimi RÃƒÂ¤ikkÃƒÂ¶nen RAI,Ferrari,71,28:15.3
2008,Australia,16-Mar-08,Lewis Hamilton HAM,McLaren Mercedes,58,34:50.6
2008,Malaysia,23-Mar-08,Kimi RÃƒÂ¤ikkÃƒÂ¶nen RAI,Ferrari,56,31:18.6
2008,Bahrain,6-Apr-08,Felipe Massa MAS,Ferrari,57,31:07.0
2008,Spain,27-Apr-08,Kimi RÃƒÂ¤ikkÃƒÂ¶nen RAI,Ferrari,66,38:19.1
2008,Turkey,11-May-08,Felipe Massa MAS,Ferrari,58,26:49.5
2008,Monaco,25-May-08,Lewis Hamilton HAM,McLaren Mercedes,76,00:42.7
2008,Canada,8-Jun-08,Robert Kubica KUB,Sauber BMW,70,36:24.4
2008,France,22-Jun-08,Felipe Massa MAS,Ferrari,70,31:50.2
2008,Great Britain,6-Jul-08,Lewis Hamilton HAM,McLaren Mercedes,60,39:09.4
2008,Germany,20-Jul-08,Lewis Hamilton HAM,McLaren Mercedes,67,31:20.9
2008,Hungary,3-Aug-08,Heikki Kovalainen KOV,McLaren Mercedes,70,37:27.1
2008,Europe,24-Aug-08,Felipe Massa MAS,Ferrari,57,35:32.3
2008,Belgium,7-Sep-08,Felipe Massa MAS,Ferrari,44,22:59.4
2008,Italy,14-Sep-08,Sebastian Vettel VET,STR Ferrari,53,26:47.5
2008,Singapore,28-Sep-08,Fernando Alonso ALO,Renault,61,57:16.3
2008,Japan,12-Oct-08,Fernando Alonso ALO,Renault,67,30:21.9
2008,China,19-Oct-08,Lewis Hamilton HAM,McLaren Mercedes,56,31:57.4
2008,Brazil,2-Nov-08,Felipe Massa MAS,Ferrari,71,34:11.4
2009,Australia,29-Mar-09,Jenson Button BUT,Brawn Mercedes,58,34:15.8
2009,Malaysia,5-Apr-09,Jenson Button BUT,Brawn Mercedes,31,55:30.6
2009,China,19-Apr-09,Sebastian Vettel VET,RBR Renault,56,57:43.5
2009,Bahrain,26-Apr-09,Jenson Button BUT,Brawn Mercedes,57,31:48.2
2009,Spain,10-May-09,Jenson Button BUT,Brawn Mercedes,66,37:19.2
2009,Monaco,24-May-09,Jenson Button BUT,Brawn Mercedes,78,40:44.3
2009,Turkey,7-Jun-09,Jenson Button BUT,Brawn Mercedes,58,26:24.8
2009,Great Britain,21-Jun-09,Sebastian Vettel VET,RBR Renault,60,22:49.3
2009,Germany,12-Jul-09,Mark Webber WEB,RBR Renault,60,36:43.3
2009,Hungary,26-Jul-09,Lewis Hamilton HAM,McLaren Mercedes,70,38:23.9
2009,Europe,23-Aug-09,Rubens Barrichello BAR,Brawn Mercedes,57,35:51.3
2009,Belgium,30-Aug-09,Kimi RÃƒÂ¤ikkÃƒÂ¶nen RAI,Ferrari,44,23:51.0
2009,Italy,13-Sep-09,Rubens Barrichello BAR,Brawn Mercedes,53,16:21.7
2009,Singapore,27-Sep-09,Lewis Hamilton HAM,McLaren Mercedes,61,56:06.3
2009,Japan,4-Oct-09,Sebastian Vettel VET,RBR Renault,53,28:20.4
2009,Brazil,18-Oct-09,Mark Webber WEB,RBR Renault,71,32:23.1
2009,Abu Dhabi,1-Nov-09,Sebastian Vettel VET,RBR Renault,55,34:03.4
2010,Bahrain,14-Mar-10,Fernando Alonso ALO,Ferrari,49,39:20.4
2010,Australia,28-Mar-10,Jenson Button BUT,McLaren Mercedes,58,33:36.5
2010,Malaysia,4-Apr-10,Sebastian Vettel VET,RBR Renault,56,33:48.4
2010,China,18-Apr-10,Jenson Button BUT,McLaren Mercedes,56,46:42.2
2010,Spain,9-May-10,Mark Webber WEB,RBR Renault,66,35:44.1
2010,Monaco,16-May-10,Mark Webber WEB,RBR Renault,78,50:13.4
2010,Turkey,30-May-10,Lewis Hamilton HAM,McLaren Mercedes,58,28:47.6
2010,Canada,13-Jun-10,Lewis Hamilton HAM,McLaren Mercedes,70,33:53.5
2010,Europe,27-Jun-10,Sebastian Vettel VET,RBR Renault,57,40:29.6
2010,Great Britain,11-Jul-10,Mark Webber WEB,RBR Renault,52,24:38.2
2010,Germany,25-Jul-10,Fernando Alonso ALO,Ferrari,67,27:38.9
2010,Hungary,1-Aug-10,Mark Webber WEB,RBR Renault,70,41:05.6
2010,Belgium,29-Aug-10,Lewis Hamilton HAM,McLaren Mercedes,44,29:04.3
2010,Italy,12-Sep-10,Fernando Alonso ALO,Ferrari,53,16:24.6
2010,Singapore,26-Sep-10,Fernando Alonso ALO,Ferrari,61,57:53.6
2010,Japan,10-Oct-10,Sebastian Vettel VET,RBR Renault,53,30:27.3
2010,South Korea,24-Oct-10,Fernando Alonso ALO,Ferrari,55,48:20.8
2010,Brazil,7-Nov-10,Sebastian Vettel VET,RBR Renault,71,33:11.8
2010,Abu Dhabi,14-Nov-10,Sebastian Vettel VET,RBR Renault,55,39:36.8
2011,Australia,27-Mar-11,Sebastian Vettel VET,Red Bull Racing Renault,58,29:30.3
2011,Malaysia,10-Apr-11,Sebastian Vettel VET,Red Bull Racing Renault,56,37:39.8
2011,China,17-Apr-11,Lewis Hamilton HAM,McLaren Mercedes,56,36:58.2
2011,Turkey,8-May-11,Sebastian Vettel VET,Red Bull Racing Renault,58,30:17.6
2011,Spain,22-May-11,Sebastian Vettel VET,Red Bull Racing Renault,66,39:03.3
2011,Monaco,29-May-11,Sebastian Vettel VET,Red Bull Racing Renault,78,09:38.4
2011,Canada,12-Jun-11,Jenson Button BUT,McLaren Mercedes,70,04:39.5
2011,Europe,26-Jun-11,Sebastian Vettel VET,Red Bull Racing Renault,57,39:36.2
2011,Great Britain,10-Jul-11,Fernando Alonso ALO,Ferrari,52,28:41.2
2011,Germany,24-Jul-11,Lewis Hamilton HAM,McLaren Mercedes,60,37:30.3
2011,Hungary,31-Jul-11,Jenson Button BUT,McLaren Mercedes,70,46:42.3
2011,Belgium,28-Aug-11,Sebastian Vettel VET,Red Bull Racing Renault,44,26:44.9
2011,Italy,11-Sep-11,Sebastian Vettel VET,Red Bull Racing Renault,53,20:46.2
2011,Singapore,25-Sep-11,Sebastian Vettel VET,Red Bull Racing Renault,61,59:06.8
2011,Japan,9-Oct-11,Jenson Button BUT,McLaren Mercedes,53,30:53.4
2011,South Korea,16-Oct-11,Sebastian Vettel VET,Red Bull Racing Renault,55,38:02.0
2011,India,30-Oct-11,Sebastian Vettel VET,Red Bull Racing Renault,60,30:35.0
2011,Abu Dhabi,13-Nov-11,Lewis Hamilton HAM,McLaren Mercedes,55,37:11.9
2011,Brazil,27-Nov-11,Mark Webber WEB,Red Bull Racing Renault,71,32:17.5
2012,Australia,18-Mar-12,Jenson Button BUT,McLaren Mercedes,58,34:09.6
2012,Malaysia,25-Mar-12,Fernando Alonso ALO,Ferrari,56,44:51.8
2012,China,15-Apr-12,Nico Rosberg ROS,Mercedes,56,36:26.9
2012,Bahrain,22-Apr-12,Sebastian Vettel VET,Red Bull Racing Renault,57,35:11.0
2012,Spain,13-May-12,Pastor Maldonado MAL,Williams Renault,66,39:09.1
2012,Monaco,27-May-12,Mark Webber WEB,Red Bull Racing Renault,78,46:06.6
2012,Canada,10-Jun-12,Lewis Hamilton HAM,McLaren Mercedes,70,32:29.6
2012,Europe,24-Jun-12,Fernando Alonso ALO,Ferrari,57,44:16.6
2012,Great Britain,8-Jul-12,Mark Webber WEB,Red Bull Racing Renault,52,25:11.3
2012,Germany,22-Jul-12,Fernando Alonso ALO,Ferrari,67,31:05.9
2012,Hungary,29-Jul-12,Lewis Hamilton HAM,McLaren Mercedes,69,41:05.5
2012,Belgium,2-Sep-12,Jenson Button BUT,McLaren Mercedes,44,29:08.5
2012,Italy,9-Sep-12,Lewis Hamilton HAM,McLaren Mercedes,53,19:41.2
2012,Singapore,23-Sep-12,Sebastian Vettel VET,Red Bull Racing Renault,59,00:26.1
2012,Japan,7-Oct-12,Sebastian Vettel VET,Red Bull Racing Renault,53,28:56.2
2012,South Korea,14-Oct-12,Sebastian Vettel VET,Red Bull Racing Renault,55,36:28.7
2012,India,28-Oct-12,Sebastian Vettel VET,Red Bull Racing Renault,60,31:10.7
2012,Abu Dhabi,4-Nov-12,Kimi RÃƒÂ¤ikkÃƒÂ¶nen RAI,Lotus Renault,55,45:58.7
2012,United States,18-Nov-12,Lewis Hamilton HAM,McLaren Mercedes,56,35:55.3
2012,Brazil,25-Nov-12,Jenson Button BUT,McLaren Mercedes,71,45:22.7
2013,Australia,17-Mar-13,Kimi RÃƒÂ¤ikkÃƒÂ¶nen RAI,Lotus Renault,58,30:03.2
2013,Malaysia,24-Mar-13,Sebastian Vettel VET,Red Bull Racing Renault,56,38:56.7
2013,China,14-Apr-13,Fernando Alonso ALO,Ferrari,56,36:26.9
2013,Bahrain,21-Apr-13,Sebastian Vettel VET,Red Bull Racing Renault,57,36:00.5
2013,Spain,12-May-13,Fernando Alonso ALO,Ferrari,66,39:16.6
2013,Monaco,26-May-13,Nico Rosberg ROS,Mercedes,78,17:52.1
2013,Canada,9-Jun-13,Sebastian Vettel VET,Red Bull Racing Renault,70,32:09.1
2013,Great Britain,30-Jun-13,Nico Rosberg ROS,Mercedes,52,32:59.5
2013,Germany,7-Jul-13,Sebastian Vettel VET,Red Bull Racing Renault,60,41:14.7
2013,Hungary,28-Jul-13,Lewis Hamilton HAM,Mercedes,70,42:29.4
2013,Belgium,25-Aug-13,Sebastian Vettel VET,Red Bull Racing Renault,44,23:42.2
2013,Italy,8-Sep-13,Sebastian Vettel VET,Red Bull Racing Renault,53,18:33.4
2013,Singapore,22-Sep-13,Sebastian Vettel VET,Red Bull Racing Renault,61,59:13.1
2013,South Korea,6-Oct-13,Sebastian Vettel VET,Red Bull Racing Renault,55,43:13.7
2013,Japan,13-Oct-13,Sebastian Vettel VET,Red Bull Racing Renault,53,26:49.3
2013,India,27-Oct-13,Sebastian Vettel VET,Red Bull Racing Renault,60,31:12.2
2013,Abu Dhabi,3-Nov-13,Sebastian Vettel VET,Red Bull Racing Renault,55,38:06.1
2013,United States,17-Nov-13,Sebastian Vettel VET,Red Bull Racing Renault,56,39:17.1
2013,Brazil,24-Nov-13,Sebastian Vettel VET,Red Bull Racing Renault,71,32:36.3
2014,Australia,16-Mar-14,Nico Rosberg ROS,Mercedes,57,32:58.7
2014,Malaysia,30-Mar-14,Lewis Hamilton HAM,Mercedes,56,40:26.0
2014,Bahrain,6-Apr-14,Lewis Hamilton HAM,Mercedes,57,39:42.7
2014,China,20-Apr-14,Lewis Hamilton HAM,Mercedes,54,33:28.3
2014,Spain,11-May-14,Lewis Hamilton HAM,Mercedes,66,41:05.2
2014,Monaco,25-May-14,Nico Rosberg ROS,Mercedes,78,49:27.7
2014,Canada,8-Jun-14,Daniel Ricciardo RIC,Red Bull Racing Renault,70,39:12.8
2014,Austria,22-Jun-14,Nico Rosberg ROS,Mercedes,71,27:55.0
2014,Great Britain,6-Jul-14,Lewis Hamilton HAM,Mercedes,52,26:52.1
2014,Germany,20-Jul-14,Nico Rosberg ROS,Mercedes,67,33:42.9
2014,Hungary,27-Jul-14,Daniel Ricciardo RIC,Red Bull Racing Renault,70,53:05.1
2014,Belgium,24-Aug-14,Daniel Ricciardo RIC,Red Bull Racing Renault,44,24:36.6
2014,Italy,7-Sep-14,Lewis Hamilton HAM,Mercedes,53,19:10.2
2014,Singapore,21-Sep-14,Lewis Hamilton HAM,Mercedes,60,00:04.8
2014,Japan,5-Oct-14,Lewis Hamilton HAM,Mercedes,44,51:43.0
2014,Russia,21-Oct-14,Lewis Hamilton HAM,Mercedes,53,31:50.7
2014,United States,2-Nov-14,Lewis Hamilton HAM,Mercedes,56,40:04.8
2014,Brazil,9-Nov-14,Nico Rosberg ROS,Mercedes,71,30:02.6
2014,Abu Dhabi,23-Nov-14,Lewis Hamilton HAM,Mercedes,55,39:02.6
2015,Australia,15-Mar-15,Lewis Hamilton HAM,Mercedes,58,31:54.1
2015,Malaysia,29-Mar-15,Sebastian Vettel VET,Ferrari,56,41:05.8
2015,China,12-Apr-15,Lewis Hamilton HAM,Mercedes,56,39:42.0
2015,Bahrain,19-Apr-15,Lewis Hamilton HAM,Mercedes,57,35:05.8
2015,Spain,10-May-15,Nico Rosberg ROS,Mercedes,66,41:12.6
2015,Monaco,24-May-15,Nico Rosberg ROS,Mercedes,78,49:18.4
2015,Canada,7-Jun-15,Lewis Hamilton HAM,Mercedes,70,31:53.1
2015,Austria,21-Jun-15,Nico Rosberg ROS,Mercedes,71,30:16.9
2015,Great Britain,5-Jul-15,Lewis Hamilton HAM,Mercedes,52,31:27.7
2015,Hungary,26-Jul-15,Sebastian Vettel VET,Ferrari,69,46:10.0
2015,Belgium,23-Aug-15,Lewis Hamilton HAM,Mercedes,43,23:40.4
2015,Italy,6-Sep-15,Lewis Hamilton HAM,Mercedes,53,18:00.7
2015,Singapore,20-Sep-15,Sebastian Vettel VET,Ferrari,61,01:22.1
2015,Japan,27-Sep-15,Lewis Hamilton HAM,Mercedes,53,28:06.5
2015,Russia,11-Oct-15,Lewis Hamilton HAM,Mercedes,53,37:11.0
2015,United States,25-Oct-15,Lewis Hamilton HAM,Mercedes,56,50:52.7
2015,Mexico,1-Nov-15,Nico Rosberg ROS,Mercedes,71,42:35.0
2015,Brazil,15-Nov-15,Nico Rosberg ROS,Mercedes,71,31:09.1
2015,Abu Dhabi,29-Nov-15,Nico Rosberg ROS,Mercedes,55,38:30.2
2016,Australia,20-Mar-16,Nico Rosberg ROS,Mercedes,57,48:15.6
2016,Bahrain,3-Apr-16,Nico Rosberg ROS,Mercedes,57,33:34.7
2016,China,17-Apr-16,Nico Rosberg ROS,Mercedes,56,38:53.9
2016,Russia,1-May-16,Nico Rosberg ROS,Mercedes,53,32:42.0
2016,Spain,15-May-16,Max Verstappen VES,Red Bull Racing TAG Heuer,66,41:40.0
2016,Monaco,29-May-16,Lewis Hamilton HAM,Mercedes,78,59:29.1
2016,Canada,12-Jun-16,Lewis Hamilton HAM,Mercedes,70,31:05.3
2016,Europe,19-Jun-16,Nico Rosberg ROS,Mercedes,51,32:52.4
2016,Austria,3-Jul-16,Lewis Hamilton HAM,Mercedes,71,27:38.1
2016,Great Britain,10-Jul-16,Lewis Hamilton HAM,Mercedes,52,34:55.8
2016,Hungary,24-Jul-16,Lewis Hamilton HAM,Mercedes,70,40:30.1
2016,Germany,31-Jul-16,Lewis Hamilton HAM,Mercedes,67,30:44.2
2016,Belgium,28-Aug-16,Nico Rosberg ROS,Mercedes,44,44:51.1
2016,Italy,4-Sep-16,Nico Rosberg ROS,Mercedes,53,17:28.1
2016,Singapore,18-Sep-16,Nico Rosberg ROS,Mercedes,61,55:49.0
2016,Malaysia,2-Oct-16,Daniel Ricciardo RIC,Red Bull Racing TAG Heuer,56,37:12.8
2016,Japan,9-Oct-16,Nico Rosberg ROS,Mercedes,53,26:43.3
2016,United States,23-Oct-16,Lewis Hamilton HAM,Mercedes,56,38:12.6
2016,Mexico,30-Oct-16,Lewis Hamilton HAM,Mercedes,71,40:31.4
2016,Brazil,13-Nov-16,Lewis Hamilton HAM,Mercedes,71,01:01.3
2016,Abu Dhabi,27-Nov-16,Lewis Hamilton HAM,Mercedes,55,38:04.0
2017,Australia,26-Mar-17,Sebastian Vettel VET,Ferrari,57,24:11.7
2017,China,9-Apr-17,Lewis Hamilton HAM,Mercedes,56,37:36.2
2017,Bahrain,16-Apr-17,Sebastian Vettel VET,Ferrari,57,33:53.4
2017,Russia,30-Apr-17,Valtteri  Bottas BOT,Mercedes,52,28:08.7
2017,Spain,14-May-17,Lewis Hamilton HAM,Mercedes,66,35:56.5
2017,Monaco,28-May-17,Sebastian Vettel VET,Ferrari,78,44:44.3
2017,Canada,11-Jun-17,Lewis Hamilton HAM,Mercedes,70,33:05.2
2017,Azerbaijan,25-Jun-17,Daniel Ricciardo RIC,Red Bull Racing TAG Heuer,51,03:55.6
2017,Austria,9-Jul-17,Valtteri  Bottas BOT,Mercedes,71,21:48.5
2017,Great Britain,16-Jul-17,Lewis Hamilton HAM,Mercedes,51,21:27.4
2017,Hungary,30-Jul-17,Sebastian Vettel VET,Ferrari,70,39:46.7
2017,Belgium,27-Aug-17,Lewis Hamilton HAM,Mercedes,44,24:42.8
2017,Italy,3-Sep-17,Lewis Hamilton HAM,Mercedes,53,15:32.3
2017,Singapore,17-Sep-17,Lewis Hamilton HAM,Mercedes,58,03:23.5
2017,Malaysia,1-Oct-17,Max Verstappen VER,Red Bull Racing TAG Heuer,56,30:01.3
2017,Japan,8-Oct-17,Lewis Hamilton HAM,Mercedes,53,27:31.2
2017,United States,22-Oct-17,Lewis Hamilton HAM,Mercedes,56,33:51.0
2017,Mexico,29-Oct-17,Max Verstappen VER,Red Bull Racing TAG Heuer,71,36:26.6
2017,Brazil,12-Nov-17,Sebastian Vettel VET,Ferrari,71,31:26.3
2017,Abu Dhabi,26-Nov-17,Valtteri  Bottas BOT,Mercedes,55,34:14.1
2018,Australia,25-Mar-18,Sebastian Vettel VET,Ferrari,58,29:33.3
2018,Bahrain,8-Apr-18,Sebastian Vettel VET,Ferrari,57,32:01.9
2018,China,15-Apr-18,Daniel Ricciardo RIC,Red Bull Racing TAG Heuer,56,35:36.4
2018,Azerbaijan,29-Apr-18,Lewis Hamilton HAM,Mercedes,51,43:44.3
2018,Spain,13-May-18,Lewis Hamilton HAM,Mercedes,66,35:30.0
2018,Monaco,27-May-18,Daniel Ricciardo RIC,Red Bull Racing TAG Heuer,78,42:54.8
2018,Canada,10-Jun-18,Sebastian Vettel VET,Ferrari,68,28:31.4
2018,France,24-Jun-18,Lewis Hamilton HAM,Mercedes,53,30:11.4
2018,Austria,1-Jul-18,Max Verstappen VER,Red Bull Racing TAG Heuer,71,21:56.0
2018,Great Britain,8-Jul-18,Sebastian Vettel VET,Ferrari,52,27:29.8
2018,Germany,22-Jul-18,Lewis Hamilton HAM,Mercedes,67,32:29.8
2018,Hungary,29-Jul-18,Lewis Hamilton HAM,Mercedes,70,37:16.4
2018,Belgium,26-Aug-18,Sebastian Vettel VET,Ferrari,44,23:34.5
2018,Italy,2-Sep-18,Lewis Hamilton HAM,Mercedes,53,16:54.5
2018,Singapore,16-Sep-18,Lewis Hamilton HAM,Mercedes,61,51:11.6
2018,Russia,30-Sep-18,Lewis Hamilton HAM,Mercedes,53,27:25.2
2018,Japan,7-Oct-18,Lewis Hamilton HAM,Mercedes,53,27:17.1
2018,United States,21-Oct-18,Kimi RÃƒÂ¤ikkÃƒÂ¶nen RAI,Ferrari,56,34:18.6
2018,Mexico,28-Oct-18,Max Verstappen VER,Red Bull Racing TAG Heuer,71,38:28.9
2018,Brazil,11-Nov-18,Lewis Hamilton HAM,Mercedes,71,27:09.1
2018,Abu Dhabi,25-Nov-18,Lewis Hamilton HAM,Mercedes,55,39:40.4
2019,Australia,17-Mar-19,Valtteri Bottas BOT,Mercedes,58,25:27.3
2019,Bahrain,31-Mar-19,Lewis Hamilton HAM,Mercedes,57,34:21.3
2019,China,14-Apr-19,Lewis Hamilton HAM,Mercedes,56,32:06.4
2019,Azerbaijan,28-Apr-19,Valtteri Bottas BOT,Mercedes,51,31:52.9
2019,Spain,12-May-19,Lewis Hamilton HAM,Mercedes,66,35:50.4
2019,Monaco,26-May-19,Lewis Hamilton HAM,Mercedes,78,43:28.4
2019,Canada,9-Jun-19,Lewis Hamilton HAM,Mercedes,70,29:07.1
2019,France,23-Jun-19,Lewis Hamilton HAM,Mercedes,53,24:31.2
2019,Austria,30-Jun-19,Max Verstappen VER,Red Bull Racing Honda,71,22:01.8
2019,Great Britain,14-Jul-19,Lewis Hamilton HAM,Mercedes,52,21:08.5
2019,Germany,28-Jul-19,Max Verstappen VER,Red Bull Racing Honda,64,44:31.3
2019,Hungary,4-Aug-19,Lewis Hamilton HAM,Mercedes,70,35:03.8
2019,Belgium,1-Sep-19,Charles Leclerc LEC,Ferrari,44,23:45.7
2019,Italy,8-Sep-19,Charles Leclerc LEC,Ferrari,53,15:26.7
2019,Singapore,22-Sep-19,Sebastian Vettel VET,Ferrari,61,58:33.7
2019,Russia,29-Sep-19,Lewis Hamilton HAM,Mercedes,53,33:39.0
2019,Japan,13-Oct-19,Valtteri Bottas BOT,Mercedes,52,21:46.8
2019,Mexico,27-Oct-19,Lewis Hamilton HAM,Mercedes,71,36:48.9
2019,United States,3-Nov-19,Valtteri Bottas BOT,Mercedes,56,33:55.7
2019,Brazil,17-Nov-19,Max Verstappen VER,Red Bull Racing Honda,71,33:14.7
2019,Abu Dhabi,1-Dec-19,Lewis Hamilton HAM,Mercedes,55,34:05.7
2020,Austria,5-Jul-20,Valtteri Bottas BOT,Mercedes,71,30:55.7
2020,Styria,12-Jul-20,Lewis Hamilton HAM,Mercedes,71,22:50.7
2020,Hungary,19-Jul-20,Lewis Hamilton HAM,Mercedes,70,36:12.5
2020,Great Britain,2-Aug-20,Lewis Hamilton HAM,Mercedes,52,28:01.3
2020,70th Anniversary,9-Aug-20,Max Verstappen VER,Red Bull Racing Honda,52,19:42.0
2020,Spain,16-Aug-20,Lewis Hamilton HAM,Mercedes,66,31:45.3
2020,Belgium,30-Aug-20,Lewis Hamilton HAM,Mercedes,44,24:08.8
2020,Italy,6-Sep-20,Pierre Gasly GAS,AlphaTauri Honda,53,47:06.1
2020,Tuscany,13-Sep-20,Lewis Hamilton HAM,Mercedes,59,19:35.1
2020,Russia,27-Sep-20,Valtteri Bottas BOT,Mercedes,53,34:00.4
2020,Eifel,11-Oct-20,Lewis Hamilton HAM,Mercedes,60,35:49.6
2020,Portugal,25-Oct-20,Lewis Hamilton HAM,Mercedes,66,29:56.8
2020,Emilia Romagna,1-Nov-20,Lewis Hamilton HAM,Mercedes,63,28:32.4
2020,Turkey,15-Nov-20,Lewis Hamilton HAM,Mercedes,58,42:19.3
2020,Bahrain,29-Nov-20,Lewis Hamilton HAM,Mercedes,57,59:47.5
2020,Sakhir,6-Dec-20,Sergio Perez PER,Racing Point BWT Mercedes,87,31:15.1
2020,Abu Dhabi,13-Dec-20,Max Verstappen VER,Red Bull Racing Honda,55,36:28.6
2021,Bahrain,28-Mar-21,Lewis Hamilton HAM,Mercedes,56,32:03.9
2021,Emilia Romagna,18-Apr-21,Max Verstappen VER,Red Bull Racing Honda,63,02:34.6
2021,Portugal,2-May-21,Lewis Hamilton HAM,Mercedes,66,34:31.4
2021,Spain,9-May-21,Lewis Hamilton HAM,Mercedes,66,33:07.7
2021,Monaco,23-May-21,Max Verstappen VER,Red Bull Racing Honda,78,38:56.8
2021,Azerbaijan,6-Jun-21,Sergio Perez PER,Red Bull Racing Honda,51,13:36.4
2021,France,20-Jun-21,Max Verstappen VER,Red Bull Racing Honda,53,27:25.8
2021,Styria,27-Jun-21,Max Verstappen VER,Red Bull Racing Honda,71,22:18.9
2021,Austria,4-Jul-21,Max Verstappen VER,Red Bull Racing Honda,71,23:54.5
2021,Great Britain,18-Jul-21,Lewis Hamilton HAM,Mercedes,52,58:23.3
2021,Hungary,1-Aug-21,Esteban Ocon OCO,Alpine Renault,70,04:43.2
2021,Belgium,29-Aug-21,Max Verstappen VER,Red Bull Racing Honda,1,03:27.1
2021,Netherlands,5-Sep-21,Max Verstappen VER,Red Bull Racing Honda,72,30:05.4
2021,Italy,12-Sep-21,Daniel Ricciardo RIC,McLaren Mercedes,53,21:54.4
2021,Russia,26-Sep-21,Lewis Hamilton HAM,Mercedes,53,30:41.0
2021,Turkey,10-Oct-21,Valtteri Bottas BOT,Mercedes,58,31:04.1
2021,United States,24-Oct-21,Max Verstappen VER,Red Bull Racing Honda,56,34:36.6
2021,Mexico,7-Nov-21,Max Verstappen VER,Red Bull Racing Honda,71,38:39.1
2021,Brazil,14-Nov-21,Lewis Hamilton HAM,Mercedes,71,32:22.9
2021,Qatar,21-Nov-21,Lewis Hamilton HAM,Mercedes,57,24:28.5
2021,Saudi Arabia,5-Dec-21,Lewis Hamilton HAM,Mercedes,50,06:15.1
2021,Abu Dhabi,12-Dec-21,Max Verstappen VER,Red Bull Racing Honda,58,30:17.3
2022,Bahrain,20-Mar-22,Charles Leclerc LEC,Ferrari,57,37:33.6
2022,Saudi Arabia,27-Mar-22,Max Verstappen VER,Red Bull Racing RBPT,50,24:19.3
2022,Australia,10-Apr-22,Charles Leclerc LEC,Ferrari,58,27:46.5
2022,Emilia Romagna,24-Apr-22,Max Verstappen VER,Red Bull Racing RBPT,63,32:08.0
2022,Miami,8-May-22,Max Verstappen VER,Red Bull Racing RBPT,57,34:24.3
2022,Spain,22-May-22,Max Verstappen VER,Red Bull Racing RBPT,66,37:20.5
2022,Monaco,29-May-22,Sergio Perez PER,Red Bull Racing RBPT,64,56:30.3
2022,Azerbaijan,12-Jun-22,Max Verstappen VER,Red Bull Racing RBPT,51,34:05.9
2022,Canada,19-Jun-22,Max Verstappen VER,Red Bull Racing RBPT,70,36:21.8
2022,Great Britain,3-Jul-22,Carlos Sainz SAI,Ferrari,52,17:50.3
2022,Austria,10-Jul-22,Charles Leclerc LEC,Ferrari,71,24:24.3
2022,France,24-Jul-22,Max Verstappen VER,Red Bull Racing RBPT,53,30:02.1
2022,Hungary,31-Jul-22,Max Verstappen VER,Red Bull Racing RBPT,70,39:35.9
2022,Belgium,28-Aug-22,Max Verstappen VER,Red Bull Racing RBPT,44,25:52.9
2022,Netherlands,4-Sep-22,Max Verstappen VER,Red Bull Racing RBPT,72,36:42.8
2022,Italy,11-Sep-22,Max Verstappen VER,Red Bull Racing RBPT,53,20:27.5
2022,Singapore,2-Oct-22,Sergio Perez PER,Red Bull Racing RBPT,59,02:20.2
2022,Japan,9-Oct-22,Max Verstappen VER,Red Bull Racing RBPT,28,01:44.0
2022,United States,23-Oct-22,Max Verstappen VER,Red Bull Racing RBPT,56,42:11.7
2022,Mexico,30-Oct-22,Max Verstappen VER,Red Bull Racing RBPT,71,38:36.7
2022,Brazil,13-Nov-22,George Russell RUS,Mercedes,71,38:34.0
2022,Abu Dhabi,20-Nov-22,Max Verstappen VER,Red Bull Racing RBPT,58,27:45.9
2023,Bahrain,5-Mar-23,Max Verstappen VER,Red Bull Racing Honda RBPT,57,33:56.7
2023,Saudi Arabia,19-Mar-23,Sergio Perez PER,Red Bull Racing Honda RBPT,50,21:14.9
2023,Australia,2-Apr-23,Max Verstappen VER,Red Bull Racing Honda RBPT,58,32:38.4
2023,Azerbaijan,30-Apr-23,Sergio Perez PER,Red Bull Racing Honda RBPT,51,32:42.4
2023,Miami,7-May-23,Max Verstappen VER,Red Bull Racing Honda RBPT,57,27:38.2
2023,Monaco,28-May-23,Max Verstappen VER,Red Bull Racing Honda RBPT,78,48:52.0
2023,Spain,4-Jun-23,Max Verstappen VER,Red Bull Racing Honda RBPT,66,27:57.9
2023,Canada,18-Jun-23,Max Verstappen VER,Red Bull Racing Honda RBPT,70,33:58.3
2023,Austria,2-Jul-23,Max Verstappen VER,Red Bull Racing Honda RBPT,71,25:33.6
2023,Great Britain,9-Jul-23,Max Verstappen VER,Red Bull Racing Honda RBPT,52,25:16.9
2023,Hungary,23-Jul-23,Max Verstappen VER,Red Bull Racing Honda RBPT,70,38:08.6
2023,Belgium,30-Jul-23,Max Verstappen VER,Red Bull Racing Honda RBPT,44,22:30.4
2023,Netherlands,27-Aug-23,Max Verstappen VER,Red Bull Racing Honda RBPT,72,24:04.4
2023,Italy,3-Sep-23,Max Verstappen VER,Red Bull Racing Honda RBPT,51,13:41.1
2023,Singapore,17-Sep-23,Carlos Sainz SAI,Ferrari,62,46:37.4
2023,Japan,24-Sep-23,Max Verstappen VER,Red Bull Racing Honda RBPT,53,30:58.4
2023,Qatar,8-Oct-23,Max Verstappen VER,Red Bull Racing Honda RBPT,57,27:39.2
2023,United States,22-Oct-23,Max Verstappen VER,Red Bull Racing Honda RBPT,56,35:21.4
2023,Mexico,29-Oct-23,Max Verstappen VER,Red Bull Racing Honda RBPT,71,02:30.8
2023,Brazil,5-Nov-23,Max Verstappen VER,Red Bull Racing Honda RBPT,71,56:48.9
2023,Las Vegas,18-Nov-23,Max Verstappen VER,Red Bull Racing Honda RBPT,50,29:08.3
2023,Abu Dhabi,26-Nov-23,Max Verstappen VER,Red Bull Racing Honda RBPT,58,27:02.6
